Date,NVDA,MSFT,SMCI
2015-01-02,4.8328,40.4527,34.73
2015-01-05,4.7512,40.0764,33.67
2015-01-06,4.6072,39.4924,32.76
2015-01-07,4.594,39.9942,33.0
2015-01-08,4.768,41.1708,34.73
2015-01-09,4.7872,40.8247,34.53
2015-01-12,4.7272,40.3143,34.16
2015-01-13,4.7188,40.1023,34.21
2015-01-14,4.7392,39.7563,33.7
2015-01-15,4.7056,39.3454,33.15
2015-01-16,4.792,40.0029,35.07
2015-01-20,4.8064,40.1326,37.74
2015-01-21,4.8736,39.726,34.11
2015-01-22,4.9577,40.7728,36.88
2015-01-23,4.9721,40.8161,36.35
2015-01-26,4.9493,40.669,36.71
2015-01-27,4.7128,36.9058,37.33
2015-01-28,4.636,35.634,37.39
2015-01-29,4.7488,36.3434,37.87
2015-01-30,4.6108,34.9506,36.57
2015-02-02,4.7104,35.7119,36.47
2015-02-03,4.828,35.9887,35.88
2015-02-04,4.84,36.1964,35.69
2015-02-05,4.9181,36.7241,36.64
2015-02-06,4.8977,36.6895,37.13
2015-02-09,4.8929,36.6462,37.19
2015-02-10,5.0297,36.8538,39.2
2015-02-11,4.9961,36.6635,39.19
2015-02-12,5.3538,37.2778,40.04
2015-02-13,5.3562,37.9525,39.74
2015-02-17,5.3718,37.97,39.94
2015-02-18,5.3106,37.9264,39.11
2015-02-19,5.3238,37.9003,39.17
2015-02-20,5.3622,38.2096,39.24
2015-02-23,5.3202,38.4666,38.67
2015-02-24,5.3769,38.4143,40.73
2015-02-25,5.3359,38.3272,40.15
2015-02-26,5.3504,38.3838,41.13
2015-02-27,5.3166,38.2052,40.18
2015-03-02,5.4456,38.2313,40.33
2015-03-03,5.3456,37.7086,39.8
2015-03-04,5.4058,37.5125,39.24
2015-03-05,5.5094,37.5605,39.35
2015-03-06,5.4347,36.907,38.11
2015-03-09,5.4492,37.3339,38.06
2015-03-10,5.542,36.6195,37.05
2015-03-11,5.5143,36.5759,38.18
2015-03-12,5.4636,35.7395,37.31
2015-03-13,5.4709,36.0532,36.06
2015-03-16,5.536,36.21,36.39
2015-03-17,5.6034,36.3276,35.43
2015-03-18,5.5119,37.029,35.42
2015-03-19,5.595,36.8417,36.67
2015-03-20,5.6565,37.3601,37.16
2015-03-23,5.4733,37.3383,36.64
2015-03-24,5.3986,37.3775,35.36
2015-03-25,5.0708,36.1229,33.32
2015-03-26,5.0527,35.9051,33.2
2015-03-27,5.1527,35.6959,33.91
2015-03-30,5.1744,35.6872,34.11
2015-03-31,5.0431,35.4215,33.21
2015-04-01,5.0636,35.4781,33.72
2015-04-02,5.0756,35.1035,34.07
2015-04-06,5.2214,36.1969,33.67
2015-04-07,5.2684,36.1839,33.67
2015-04-08,5.307,36.088,34.25
2015-04-09,5.4287,36.1403,34.54
2015-04-10,5.4853,36.3494,35.12
2015-04-13,5.4347,36.3843,35.32
2015-04-14,5.3889,36.2884,35.45
2015-04-15,5.454,36.8155,36.95
2015-04-16,5.4203,36.7328,37.77
2015-04-17,5.3504,36.2579,36.81
2015-04-20,5.3239,37.3819,37.06
2015-04-21,5.3154,37.1466,34.81
2015-04-22,5.3769,37.4516,31.9
2015-04-23,5.3552,37.7609,31.23
2015-04-24,5.3094,41.7077,30.44
2015-04-27,5.3504,41.8471,30.79
2015-04-28,5.3757,42.8273,29.68
2015-04-29,5.3359,42.7445,29.84
2015-04-30,5.3492,42.3786,28.77
2015-05-01,5.4829,42.3917,29.28
2015-05-04,5.4492,42.0301,29.84
2015-05-05,5.3094,41.4725,29.1
2015-05-06,5.3263,40.3224,29.85
2015-05-07,5.4203,40.6883,30.1
2015-05-08,5.019,41.6032,30.9
2015-05-11,4.972,41.2721,30.93
2015-05-12,5.0202,41.2547,31.19
2015-05-13,5.0491,41.4943,32.0
2015-05-14,5.1311,42.4483,33.24
2015-05-15,5.1335,42.078,33.09
2015-05-18,5.1262,41.8297,33.48
2015-05-19,5.0942,41.7245,32.88
2015-05-20,5.0942,41.7245,33.04
2015-05-21,5.0579,41.5842,33.26
2015-05-22,5.0506,41.1281,33.6
2015-05-26,5.0191,40.8563,33.51
2015-05-27,5.2879,41.7508,34.2
2015-05-28,5.3605,41.6105,33.77
2015-05-29,5.3581,41.0931,33.46
2015-06-01,5.4186,41.4175,35.21
2015-06-02,5.3109,41.1457,34.6
2015-06-03,5.254,41.0843,34.96
2015-06-04,5.3484,40.6546,33.52
2015-06-05,5.3896,40.4617,33.68
2015-06-08,5.2661,40.1021,33.54
2015-06-09,5.2927,40.032,33.44
2015-06-10,5.1983,40.8738,34.65
2015-06-11,5.254,40.7248,34.74
2015-06-12,5.1111,40.3126,33.93
2015-06-15,5.1014,39.8785,32.92
2015-06-16,5.1644,40.1898,32.57
2015-06-17,5.2249,40.3126,32.52
2015-06-18,5.3121,40.9703,32.94
2015-06-19,5.2951,40.4266,33.21
2015-06-22,5.2721,40.5406,33.31
2015-06-23,5.1378,40.26,33.32
2015-06-24,5.0869,40.0188,32.67
2015-06-25,5.1257,40.032,31.56
2015-06-26,5.0215,39.69,30.39
2015-06-29,4.8714,38.9095,29.41
2015-06-30,4.869,38.7166,29.58
2015-07-01,4.9392,38.9753,30.25
2015-07-02,4.9441,38.9358,29.02
2015-07-06,4.8835,38.927,27.98
2015-07-07,4.7915,38.8481,27.61
2015-07-08,4.7576,38.7955,27.55
2015-07-09,4.6995,39.041,25.81
2015-07-10,4.7818,39.12,25.85
2015-07-13,4.8133,39.9355,25.41
2015-07-14,4.8157,40.0057,26.04
2015-07-15,4.7818,40.1284,25.17
2015-07-16,4.8884,40.9177,25.19
2015-07-17,4.8593,40.8826,25.14
2015-07-20,4.7697,41.1457,24.99
2015-07-21,4.7915,41.4614,25.06
2015-07-22,4.6983,39.9355,25.39
2015-07-23,4.7576,40.4354,25.76
2015-07-24,4.7019,40.2863,25.45
2015-07-27,4.6753,39.7689,25.2
2015-07-28,4.777,39.7601,25.33
2015-07-29,4.8351,40.5932,25.7
2015-07-30,4.8472,41.1106,25.77
2015-07-31,4.8303,40.9528,26.67
2015-08-03,4.9126,41.0492,26.61
2015-08-04,4.932,41.6894,25.81
2015-08-05,4.9828,41.7245,27.91
2015-08-06,4.9513,40.8826,26.87
2015-08-07,5.5639,40.9878,26.58
2015-08-10,5.7576,41.5052,27.18
2015-08-11,5.7285,40.6984,26.14
2015-08-12,5.7431,40.9878,27.04
2015-08-13,5.6946,40.9791,27.28
2015-08-14,5.6995,41.2158,27.55
2015-08-17,5.6632,41.4965,27.65
2015-08-18,5.6115,41.726,27.5
2015-08-19,5.5896,41.1434,27.44
2015-08-20,5.3878,40.3048,26.74
2015-08-21,5.2201,38.0186,25.39
2015-08-24,5.0353,36.7916,24.56
2015-08-25,4.9307,35.7235,24.57
2015-08-26,5.3027,37.7008,25.31
2015-08-27,5.5021,38.7512,25.68
2015-08-28,5.5264,38.7777,26.83
2015-08-31,5.4656,38.4158,27.35
2015-09-01,5.242,36.9152,24.77
2015-09-02,5.4,38.2745,24.81
2015-09-03,5.4146,38.3981,24.87
2015-09-04,5.2882,37.6125,24.24
2015-09-08,5.5143,38.7424,25.09
2015-09-09,5.4049,38.0186,25.21
2015-09-10,5.49,38.2128,27.08
2015-09-11,5.507,38.3805,27.14
2015-09-14,5.5167,37.9921,26.66
2015-09-15,5.5775,38.8218,28.0
2015-09-16,5.6164,39.1043,29.03
2015-09-17,5.6674,39.0602,29.35
2015-09-18,5.6626,38.3805,28.85
2015-09-21,5.7209,38.9366,28.91
2015-09-22,5.5653,38.7512,28.59
2015-09-23,5.5921,38.7247,28.54
2015-09-24,5.699,38.76,27.79
2015-09-25,5.7404,38.7865,27.8
2015-09-28,5.665,38.2128,26.92
2015-09-29,5.7647,38.3452,26.65
2015-09-30,5.9932,39.069,27.26
2015-10-01,5.8765,39.3779,26.61
2015-10-02,6.0297,40.2253,27.73
2015-10-05,6.1805,41.161,28.81
2015-10-06,6.2607,41.267,29.63
2015-10-07,6.3263,41.3111,31.68
2015-10-08,6.3628,41.8849,31.82
2015-10-09,6.3385,41.5847,26.9
2015-10-12,6.4066,41.4876,26.33
2015-10-13,6.4187,41.3905,26.92
2015-10-14,6.6521,41.2052,25.93
2015-10-15,6.6691,41.4965,25.99
2015-10-16,6.7737,41.9378,26.35
2015-10-19,6.7615,42.0349,26.34
2015-10-20,6.7518,42.1673,26.11
2015-10-21,6.6643,41.6642,25.4
2015-10-22,6.905,42.3968,25.49
2015-10-23,6.9512,46.6692,28.52
2015-10-26,6.9196,47.8873,27.56
2015-10-27,6.9147,47.393,27.26
2015-10-28,6.9706,47.649,28.39
2015-10-29,6.7299,47.1017,27.94
2015-10-30,6.8977,46.4661,28.21
2015-11-02,6.9779,46.9958,29.66
2015-11-03,6.9293,47.799,29.9
2015-11-04,6.815,48.0197,30.05
2015-11-05,6.7372,48.0021,30.08
2015-11-06,7.6709,48.4787,30.78
2015-11-09,7.6368,47.8079,30.3
2015-11-10,7.4909,47.2341,29.25
2015-11-11,7.418,47.3577,26.18
2015-11-12,7.3913,47.0664,26.38
2015-11-13,7.2454,46.6427,25.49
2015-11-16,7.3913,47.4592,24.74
2015-11-17,7.3913,47.0726,24.34
2015-11-18,7.5731,47.8547,23.71
2015-11-19,7.5951,47.9346,23.48
2015-11-20,7.661,48.1568,23.4
2015-11-23,7.5463,48.1568,23.61
2015-11-24,7.6073,48.2101,23.92
2015-11-25,7.5975,47.7125,24.14
2015-11-27,7.661,47.9258,24.44
2015-11-30,7.7415,48.299,24.56
2015-12-01,7.9929,49.0721,26.16
2015-12-02,7.9319,49.0632,26.56
2015-12-03,7.9148,48.1657,26.4
2015-12-04,8.237,49.6853,26.54
2015-12-07,8.0808,49.5964,24.89
2015-12-08,8.1906,49.5787,25.25
2015-12-09,7.9831,48.8589,23.94
2015-12-10,8.049,49.1166,24.82
2015-12-11,7.9295,48.0413,24.19
2015-12-14,7.949,49.001,22.75
2015-12-15,8.0466,49.0544,22.86
2015-12-16,8.0954,49.8808,23.23
2015-12-17,7.9734,49.4987,22.84
2015-12-18,7.844,48.1035,22.32
2015-12-21,8.0283,48.7256,23.14
2015-12-22,8.0368,49.1877,24.04
2015-12-23,8.0673,49.6053,24.77
2015-12-24,8.0954,49.472,24.66
2015-12-28,8.0881,49.7209,24.37
2015-12-29,8.2199,50.2541,24.65
2015-12-30,8.1491,50.0408,24.18
2015-12-31,8.0442,49.3032,24.51
2016-01-04,7.9002,48.6989,23.65
2016-01-05,8.0271,48.9211,23.11
2016-01-06,7.6952,48.0324,22.93
2016-01-07,7.3901,46.3617,22.03
2016-01-08,7.2314,46.5039,21.96
2016-01-11,7.2436,46.4772,21.52
2016-01-12,7.3657,46.9038,27.27
2016-01-13,7.1411,45.8907,25.0
2016-01-14,6.9972,47.197,24.45
2016-01-15,6.6164,45.3131,24.43
2016-01-19,6.6701,44.9309,24.78
2016-01-20,6.7067,45.1353,25.22
2016-01-21,6.7848,44.8599,24.96
2016-01-22,6.9435,46.4683,25.99
2016-01-25,6.9361,46.024,26.11
2016-01-26,7.0045,46.3617,26.49
2016-01-27,6.9215,45.5175,27.28
2016-01-28,6.8458,46.2595,27.02
2016-01-29,7.1485,48.9566,29.78
2016-02-01,7.1509,48.6189,31.4
2016-02-02,6.8483,47.0993,30.86
2016-02-03,6.8824,46.3528,32.12
2016-02-04,6.8849,46.2106,32.3
2016-02-05,6.4505,44.5755,31.97
2016-02-08,6.1551,43.909,31.73
2016-02-09,6.221,43.7935,30.81
2016-02-10,6.2064,44.1756,29.98
2016-02-11,6.1747,44.1578,29.72
2016-02-12,6.2796,44.8776,29.89
2016-02-16,6.5871,45.7279,31.24
2016-02-17,6.7507,46.9183,32.2
2016-02-18,7.3315,46.7125,32.54
2016-02-19,7.4291,46.3813,31.92
2016-02-22,7.6927,47.1242,32.32
2016-02-23,7.7122,45.8085,31.8
2016-02-24,7.7659,45.9696,32.37
2016-02-25,7.783,46.6319,32.21
2016-02-26,7.7318,45.9159,32.07
2016-02-29,7.6816,45.54,32.47
2016-03-01,8.0221,47.0615,33.22
2016-03-02,8.0686,47.3927,33.19
2016-03-03,7.9976,46.8557,33.61
2016-03-04,7.9731,46.5693,32.63
2016-03-07,7.9217,45.6742,32.83
2016-03-08,7.7771,46.2291,31.38
2016-03-09,7.7722,47.2943,31.59
2016-03-10,7.76,46.5872,31.73
2016-03-11,7.8923,47.5001,32.19
2016-03-14,7.9119,47.5896,32.3
2016-03-15,7.8727,47.9655,31.7
2016-03-16,8.1078,48.6458,32.42
2016-03-17,8.0392,48.9232,33.06
2016-03-18,8.2817,47.876,32.9
2016-03-21,8.3062,48.2072,32.99
2016-03-22,8.2915,48.3952,32.99
2016-03-23,8.4336,48.3057,32.17
2016-03-24,8.4458,48.5205,32.51
2016-03-28,8.5316,47.9208,32.67
2016-03-29,8.6687,48.968,33.73
2016-03-30,8.7594,49.2723,33.37
2016-03-31,8.7275,49.4334,34.08
2016-04-01,8.8549,49.7377,34.49
2016-04-04,8.7692,49.6124,34.03
2016-04-05,8.7569,48.8337,34.18
2016-04-06,8.7692,49.335,34.23
2016-04-07,8.6785,48.7442,33.66
2016-04-08,8.7349,48.7084,33.37
2016-04-11,8.7888,48.61,33.18
2016-04-12,8.779,48.9143,33.13
2016-04-13,8.9994,49.5408,33.83
2016-04-14,9.0239,49.5498,33.32
2016-04-15,9.095,49.8093,26.79
2016-04-18,9.0558,50.5343,27.13
2016-04-19,8.8941,50.4717,27.89
2016-04-20,8.9284,49.7556,27.98
2016-04-21,8.9186,49.9257,27.67
2016-04-22,8.8843,46.3455,28.51
2016-04-25,8.9284,46.6409,28.41
2016-04-26,8.9357,46.0412,28.7
2016-04-27,9.139,45.5937,28.71
2016-04-28,8.8672,44.6628,28.26
2016-04-29,8.703,44.636,26.91
2016-05-02,8.8182,45.2983,27.15
2016-05-03,8.7128,44.5554,26.72
2016-05-04,8.5144,44.636,26.52
2016-05-05,8.5659,44.6986,26.61
2016-05-06,8.654,45.1014,26.97
2016-05-09,8.6418,44.815,26.88
2016-05-10,8.8084,45.6653,26.9
2016-05-11,8.8329,45.6921,26.31
2016-05-12,8.7128,46.1038,25.08
2016-05-13,10.038,45.719,25.03
2016-05-16,10.3344,46.3903,25.09
2016-05-17,10.3564,45.525,24.87
2016-05-18,10.621,45.7954,24.97
2016-05-19,10.6675,45.3538,24.48
2016-05-20,10.8586,45.6241,25.2
2016-05-23,10.8757,45.0924,25.15
2016-05-24,11.1398,46.4984,25.95
2016-05-25,11.0931,46.9761,25.89
2016-05-26,11.211,46.7688,25.79
2016-05-27,11.2724,47.1564,26.05
2016-05-31,11.4738,47.7693,26.24
2016-06-01,11.4959,47.6341,26.35
2016-06-02,11.5769,47.3006,26.42
2016-06-03,11.4148,46.6787,26.57
2016-06-06,11.3559,46.9851,26.46
2016-06-07,11.378,46.9581,25.8
2016-06-08,11.3412,46.904,25.81
2016-06-09,11.6359,46.5255,25.89
2016-06-10,11.3461,46.3993,25.77
2016-06-13,11.491,45.1915,24.8
2016-06-14,11.5131,44.9121,26.27
2016-06-15,11.631,44.7859,26.3
2016-06-16,11.6776,45.4168,26.28
2016-06-17,11.4738,45.1825,26.11
2016-06-20,11.6801,45.1284,26.76
2016-06-21,11.6089,46.1379,27.01
2016-06-22,11.599,45.9576,26.41
2016-06-23,11.9085,46.7868,26.81
2016-06-24,11.2307,44.9121,25.21
2016-06-27,11.1103,43.6503,23.78
2016-06-28,11.2724,44.5606,23.99
2016-06-29,11.4566,45.552,24.37
2016-06-30,11.545,46.1199,24.85
2016-07-01,11.4591,46.1109,24.57
2016-07-05,11.6285,46.1199,23.82
2016-07-06,11.7022,46.3091,24.16
2016-07-07,12.0067,46.3091,24.43
2016-07-08,12.4881,47.1383,25.29
2016-07-11,12.7754,47.3997,25.24
2016-07-12,12.967,47.9585,25.98
2016-07-13,12.962,48.2289,26.07
2016-07-14,13.0947,48.4362,26.15
2016-07-15,12.9424,48.4002,26.0
2016-07-18,13.0087,48.6345,26.34
2016-07-19,13.1438,47.8504,19.02
2016-07-20,13.3157,50.3921,19.56
2016-07-21,13.0701,50.2929,20.01
2016-07-22,13.4262,50.9869,20.05
2016-07-25,13.6742,51.1311,20.34
2016-07-26,13.9075,51.1582,20.98
2016-07-27,13.7676,50.6444,21.3
2016-07-28,13.797,50.6624,21.4
2016-07-29,14.023,51.0861,21.55
2016-08-01,13.9321,50.9959,21.56
2016-08-02,13.7626,50.9959,21.07
2016-08-03,13.7995,51.3474,20.54
2016-08-04,14.0549,51.726,20.42
2016-08-05,14.2931,52.2397,21.48
2016-08-08,14.4257,52.3299,21.6
2016-08-09,14.4626,52.4561,21.45
2016-08-10,14.3692,52.2938,21.3
2016-08-11,14.6615,52.5462,21.64
2016-08-12,15.4818,52.2217,21.65
2016-08-15,15.467,52.3839,21.75
2016-08-16,15.3737,52.0937,21.61
2016-08-17,15.0176,52.2026,21.44
2016-08-18,15.2509,52.2388,21.57
2016-08-19,15.2902,52.257,21.46
2016-08-22,15.354,52.3023,21.25
2016-08-23,15.4783,52.5018,21.62
2016-08-24,15.2397,52.5563,21.66
2016-08-25,15.1388,52.7558,21.8
2016-08-26,15.2618,52.6288,21.37
2016-08-29,15.252,52.6923,21.72
2016-08-30,15.1634,52.5018,22.06
2016-08-31,15.0921,52.1119,21.63
2016-09-01,15.5374,52.2298,22.14
2016-09-02,15.3849,52.3023,22.15
2016-09-06,15.53,52.2479,21.96
2016-09-07,15.3012,52.2933,21.94
2016-09-08,15.4119,52.0847,21.46
2016-09-09,14.6443,50.9782,21.09
2016-09-12,14.9469,51.74,21.44
2016-09-13,14.7304,51.2684,21.36
2016-09-14,14.8608,51.0236,21.45
2016-09-15,15.4242,51.867,21.93
2016-09-16,15.4611,51.9214,21.38
2016-09-19,15.6653,51.6312,21.72
2016-09-20,15.5226,51.5224,22.12
2016-09-21,15.9581,52.3839,22.74
2016-09-22,15.9975,52.4384,22.78
2016-09-23,15.9803,52.0847,23.49
2016-09-26,15.8302,51.604,23.41
2016-09-27,16.3715,52.5563,23.51
2016-09-28,16.4305,52.6288,23.59
2016-09-29,16.5831,52.0575,23.24
2016-09-30,16.8586,52.2388,23.37
2016-10-03,16.8414,52.0756,23.49
2016-10-04,16.8045,51.9123,23.02
2016-10-05,16.7873,52.2751,23.15
2016-10-06,16.5683,52.3658,22.95
2016-10-07,16.4477,52.4202,22.45
2016-10-10,16.5093,52.6379,22.71
2016-10-11,16.2706,51.867,22.16
2016-10-12,16.3444,51.7944,22.22
2016-10-13,16.0787,51.6221,21.52
2016-10-14,16.2361,52.0756,21.37
2016-10-17,16.1427,51.8942,21.68
2016-10-18,16.3887,52.2933,21.85
2016-10-19,16.3542,52.1754,21.98
2016-10-20,16.6643,51.9214,21.89
2016-10-21,16.6175,54.1071,21.46
2016-10-24,17.3975,55.3224,21.7
2016-10-25,17.6829,55.3133,21.95
2016-10-26,17.7542,54.9868,22.15
2016-10-27,17.3901,54.5061,22.1
2016-10-28,17.3605,54.2976,24.4
2016-10-31,17.5082,54.3429,23.7
2016-11-01,16.989,54.2341,22.8
2016-11-02,16.9177,53.8985,22.6
2016-11-03,16.7208,53.699,22.35
2016-11-04,16.6249,53.2455,22.05
2016-11-07,17.5352,54.7964,22.85
2016-11-08,17.5082,54.8417,22.75
2016-11-09,17.2129,54.5696,23.45
2016-11-10,16.6741,53.2365,23.9
2016-11-11,21.6441,53.5267,25.5
2016-11-14,20.5787,52.7104,25.7
2016-11-15,21.2061,53.7513,25.7
2016-11-16,22.5446,54.4635,25.5
2016-11-17,22.7316,55.3674,25.75
2016-11-18,22.9703,55.1026,25.95
2016-11-21,22.8768,55.5683,26.45
2016-11-22,23.0416,55.8057,26.6
2016-11-23,23.1549,55.1483,26.75
2016-11-25,23.2018,55.267,26.85
2016-11-28,23.1894,55.34,26.35
2016-11-29,22.9775,55.7783,26.1
2016-11-30,22.7188,55.0205,27.35
2016-12-01,21.5952,54.0526,26.2
2016-12-02,21.7948,54.0983,27.0
2016-12-05,22.64,54.9839,27.6
2016-12-06,23.012,54.7374,27.95
2016-12-07,23.426,56.0339,28.45
2016-12-08,23.0342,55.7052,28.975
2016-12-09,22.6252,56.5818,28.5
2016-12-12,22.0757,56.7644,28.05
2016-12-13,22.465,57.504,28.5
2016-12-14,23.766,57.23,28.1
2016-12-15,24.3229,57.1387,28.25
2016-12-16,24.7418,56.8831,28.3
2016-12-19,25.0424,58.0883,29.0
2016-12-20,25.9147,58.0153,28.85
2016-12-21,26.0773,58.0153,28.75
2016-12-22,26.3927,58.0244,27.95
2016-12-23,27.0507,57.7413,28.7
2016-12-27,28.9086,57.7779,28.7
2016-12-28,26.9201,57.5131,28.45
2016-12-29,27.4572,57.4309,28.5
2016-12-30,26.3016,56.737,28.05
2017-01-03,25.1361,57.1387,28.45
2017-01-04,25.7225,56.8831,28.85
2017-01-05,25.0695,56.8831,28.55
2017-01-06,25.4047,57.3761,28.45
2017-01-09,26.4346,57.1935,28.25
2017-01-10,26.235,57.1753,28.6
2017-01-11,25.9123,57.6957,28.55
2017-01-12,25.4884,57.1661,27.55
2017-01-13,25.486,57.2483,28.2
2017-01-17,24.9143,57.0931,27.1
2017-01-18,25.3677,57.0657,27.3
2017-01-19,25.9123,56.8831,27.15
2017-01-20,25.6289,57.2848,27.65
2017-01-23,25.895,57.4857,27.85
2017-01-24,26.447,57.997,27.75
2017-01-25,26.5603,58.1431,28.45
2017-01-26,27.0186,58.6818,28.55
2017-01-27,27.541,60.0605,26.7
2017-01-30,27.1098,59.467,25.5
2017-01-31,26.9028,59.0288,26.45
2017-02-01,28.0782,58.0518,25.6
2017-02-02,28.433,57.6774,25.5
2017-02-03,28.1841,58.1431,25.8
2017-02-06,28.9061,58.1066,25.65
2017-02-07,29.3546,57.9148,26.1
2017-02-08,29.2264,57.8327,26.25
2017-02-09,28.677,58.4901,26.45
2017-02-10,27.9969,58.4353,26.6
2017-02-13,26.7057,59.0927,26.7
2017-02-14,26.8043,59.3131,27.05
2017-02-15,26.8585,59.2764,27.05
2017-02-16,26.4272,59.2672,27.05
2017-02-17,26.4223,59.3591,27.05
2017-02-21,27.3685,59.2396,27.05
2017-02-22,27.3266,59.1202,27.1
2017-02-23,24.7928,59.3591,27.4
2017-02-24,25.0321,59.3591,27.0
2017-02-27,25.7599,59.0008,26.2
2017-02-28,25.037,58.7712,26.0
2017-03-01,25.3602,59.653,26.6
2017-03-02,24.4252,58.7987,26.6
2017-03-03,24.2845,59.0192,25.25
2017-03-06,24.097,59.0376,25.05
2017-03-07,24.361,59.157,25.2
2017-03-08,24.3166,59.6989,24.65
2017-03-09,24.3117,59.4601,24.6
2017-03-10,24.4548,59.6438,24.95
2017-03-13,25.1283,59.4417,25.0
2017-03-14,25.111,59.1662,25.05
2017-03-15,25.301,59.4785,25.2
2017-03-16,25.6119,59.3774,25.2
2017-03-17,26.1695,59.5887,25.3
2017-03-20,27.0034,59.6438,25.6
2017-03-21,26.13,58.9824,24.7
2017-03-22,26.6629,59.7357,25.4
2017-03-23,26.4211,59.5887,25.55
2017-03-24,26.5149,59.6897,25.5
2017-03-27,26.7073,59.8,25.25
2017-03-28,26.5692,59.9745,24.95
2017-03-29,26.4828,60.1399,25.65
2017-03-30,26.991,60.3603,25.4
2017-03-31,26.8751,60.4981,25.35
2017-04-03,26.7394,60.2133,25.05
2017-04-04,24.8643,60.3787,25.0
2017-04-05,24.6793,60.2225,24.55
2017-04-06,24.8594,60.3787,24.8
2017-04-07,24.7533,60.3328,24.8
2017-04-10,24.1217,60.195,24.55
2017-04-11,24.2081,60.149,24.85
2017-04-12,24.0082,59.9194,24.65
2017-04-13,23.5592,59.6622,24.45
2017-04-17,24.4819,60.149,25.15
2017-04-18,24.4967,60.0664,24.4
2017-04-19,24.5929,59.7449,24.45
2017-04-20,24.9828,60.1674,24.8
2017-04-21,25.0864,60.9941,24.6
2017-04-24,25.3997,62.0321,24.8
2017-04-25,25.8413,62.3904,24.9
2017-04-26,25.6637,62.3077,24.7
2017-04-27,26.0634,62.7119,24.3
2017-04-28,25.7328,62.8864,24.4
2017-05-01,26.3101,63.7591,24.45
2017-05-02,25.5305,63.658,23.75
2017-05-03,25.7204,63.456,23.6
2017-05-04,25.6218,63.2079,24.15
2017-05-05,25.6242,63.3825,24.2
2017-05-08,25.3553,63.3273,23.85
2017-05-09,25.3972,63.4192,23.65
2017-05-10,29.9245,63.6672,24.15
2017-05-11,31.2099,62.8864,24.1
2017-05-12,31.5529,62.8129,24.15
2017-05-15,33.1368,62.8589,24.45
2017-05-16,33.7536,64.1245,24.4
2017-05-17,31.5109,62.3415,23.7
2017-05-18,32.8309,62.554,23.6
2017-05-19,33.5891,62.5355,24.2
2017-05-22,34.3053,63.2376,24.35
2017-05-23,33.8435,63.4501,24.05
2017-05-24,34.2238,63.5333,24.25
2017-05-25,34.1473,64.3186,24.5
2017-05-26,35.0315,64.6327,24.3
2017-05-30,35.7798,65.0484,24.2
2017-05-31,35.6514,64.5218,24.6
2017-06-01,35.6538,64.762,24.65
2017-06-02,35.476,66.2956,24.6
2017-06-05,36.5553,66.776,24.35
2017-06-06,36.3898,66.9977,24.0
2017-06-07,36.8295,66.8776,23.85
2017-06-08,39.5018,66.4711,24.55
2017-06-09,36.948,64.9653,24.75
2017-06-12,37.0394,64.4664,24.9
2017-06-13,37.3926,65.2701,25.25
2017-06-14,37.4716,64.9191,24.95
2017-06-15,37.6321,64.5772,24.7
2017-06-16,37.4469,64.6696,24.95
2017-06-19,38.8547,65.4734,24.7
2017-06-20,38.7979,64.5865,24.6
2017-06-21,39.3857,64.9191,24.05
2017-06-22,39.114,64.9098,24.25
2017-06-23,37.9927,65.7875,24.55
2017-06-26,37.5778,65.1593,24.4
2017-06-27,36.2021,63.9398,24.0
2017-06-28,37.479,64.4848,24.3
2017-06-29,36.2268,63.2746,24.2
2017-06-30,35.7032,63.6811,24.65
2017-07-03,34.4115,62.979,24.45
2017-07-05,35.3303,63.8197,24.35
2017-07-06,35.4365,63.3485,23.95
2017-07-07,36.2466,64.1707,24.45
2017-07-10,37.9606,64.6511,24.35
2017-07-11,38.499,64.6604,24.6
2017-07-12,40.1365,65.732,25.7
2017-07-13,39.6722,66.3048,26.4
2017-07-14,40.7391,67.2379,26.9
2017-07-17,40.5663,67.7645,26.4
2017-07-18,40.9886,67.7183,26.5
2017-07-19,40.7762,68.2357,26.5
2017-07-20,41.3689,68.5683,27.1
2017-07-21,41.5171,68.171,25.7
2017-07-24,41.0355,67.9955,25.25
2017-07-25,40.8379,68.5406,26.45
2017-07-26,41.3097,68.4112,26.9
2017-07-27,39.9463,67.589,27.05
2017-07-28,40.6008,67.4781,26.8
2017-07-31,40.1365,67.164,26.85
2017-08-01,40.6255,67.0532,27.1
2017-08-02,40.6008,66.7575,26.95
2017-08-03,41.117,66.6559,27.05
2017-08-04,41.2973,67.1455,27.1
2017-08-07,42.5668,66.8869,27.0
2017-08-08,42.0605,67.2472,26.75
2017-08-09,42.5075,66.9515,26.8
2017-08-10,40.6873,65.9723,26.55
2017-08-11,38.5188,66.9792,26.85
2017-08-14,41.5912,67.9862,27.35
2017-08-15,41.2405,68.0048,27.3
2017-08-16,40.7885,68.4042,27.15
2017-08-17,39.8797,67.2432,26.9
2017-08-18,39.8871,67.3268,26.75
2017-08-21,39.3067,67.011,26.35
2017-08-22,40.1817,67.9491,26.65
2017-08-23,40.9851,67.5404,27.1
2017-08-24,40.8343,67.5126,27.3
2017-08-25,40.4932,67.6333,27.5
2017-08-28,40.78,67.6426,27.35
2017-08-29,40.7132,67.8469,27.2
2017-08-30,40.9555,68.7386,25.85
2017-08-31,41.8849,69.4444,26.625
2017-09-01,42.1371,68.6735,26.75
2017-09-05,41.0123,68.367,26.55
2017-09-06,40.9876,68.172,26.6
2017-09-07,41.1779,69.045,26.2
2017-09-08,40.4635,68.7107,25.75
2017-09-11,41.7762,69.4351,25.95
2017-09-12,41.9269,69.3608,25.75
2017-09-13,42.1148,69.8531,25.55
2017-09-14,41.875,69.4444,25.25
2017-09-15,44.5225,69.946,23.35
2017-09-18,46.3616,69.8066,21.2
2017-09-19,46.3122,70.0667,21.0
2017-09-20,45.9389,69.6023,20.85
2017-09-21,44.6832,68.9243,21.2
2017-09-22,44.2481,69.1101,21.95
2017-09-25,42.2705,68.042,21.3
2017-09-26,42.5079,68.042,21.65
2017-09-27,43.4398,68.5899,22.3
2017-09-28,43.4274,68.6085,21.9
2017-09-29,44.1913,69.1844,22.1
2017-10-02,44.2481,69.2958,23.25
2017-10-03,44.3396,68.9707,22.75
2017-10-04,44.7104,69.3701,23.0
2017-10-05,44.6857,70.559,22.95
2017-10-06,44.8167,70.5868,22.75
2017-10-09,45.8277,70.8562,22.7
2017-10-10,46.7028,70.8562,22.55
2017-10-11,47.1996,70.9769,22.45
2017-10-12,47.2219,71.627,22.5
2017-10-13,48.1019,71.9707,22.6
2017-10-16,48.9275,72.1193,22.45
2017-10-17,48.883,72.0636,22.1
2017-10-18,48.841,72.0821,22.05
2017-10-19,48.8954,72.3608,21.8
2017-10-20,48.6729,73.1967,22.4
2017-10-23,48.6037,73.2152,22.5
2017-10-24,49.1129,73.2431,22.45
2017-10-25,47.872,73.0295,21.85
2017-10-26,48.3738,73.1502,21.7
2017-10-27,49.899,77.8405,20.475
2017-10-30,50.3885,77.9148,19.85
2017-10-31,51.1226,77.2554,19.9
2017-11-01,51.219,77.2554,20.3
2017-11-02,50.9076,78.0634,20.3
2017-11-03,51.5874,78.147,20.3
2017-11-06,51.8197,78.4535,20.5
2017-11-07,52.413,78.2678,19.8
2017-11-08,51.7036,78.5371,19.75
2017-11-09,50.7543,78.1006,19.55
2017-11-10,53.429,77.8963,20.0
2017-11-13,52.5613,77.952,19.95
2017-11-14,52.9445,78.0634,19.825
2017-11-15,51.9063,77.4567,19.9
2017-11-16,52.3092,77.6621,20.25
2017-11-17,52.2474,76.9153,20.45
2017-11-20,52.9198,77.0367,21.35
2017-11-21,53.4067,78.1475,21.5
2017-11-22,53.1668,77.5781,21.3
2017-11-24,53.6689,77.7181,21.0
2017-11-27,52.9714,78.2875,21.3
2017-11-28,52.1229,79.2302,21.85
2017-11-29,48.588,77.7927,22.2
2017-11-30,49.6492,78.5675,22.05
2017-12-01,48.8997,78.6515,22.0
2017-12-04,46.1737,75.6832,22.05
2017-12-05,46.4409,76.1592,21.55
2017-12-06,46.8169,77.27,21.45
2017-12-07,47.4922,76.9993,21.55
2017-12-08,47.3685,78.5582,21.6
2017-12-11,48.1526,79.5569,21.85
2017-12-12,47.2077,79.8836,22.0
2017-12-13,46.055,79.669,22.1
2017-12-14,46.1267,79.0529,21.7
2017-12-15,47.3858,81.0691,22.0
2017-12-18,48.9541,80.6304,22.0
2017-12-19,48.5113,80.117,22.15
2017-12-20,48.682,79.8276,21.65
2017-12-21,48.4569,79.809,21.325
2017-12-22,48.3035,79.8183,21.0
2017-12-26,48.8403,79.7156,20.75
2017-12-27,48.7735,80.005,20.95
2017-12-28,48.8304,80.0143,20.95
2017-12-29,47.8657,79.8463,20.925
2018-01-02,49.3128,80.229,21.45
2018-01-03,52.5583,80.6024,21.5
2018-01-04,52.8353,81.3118,21.65
2018-01-05,53.283,82.3199,21.7
2018-01-08,54.9157,82.4039,21.8
2018-01-09,54.9008,82.3479,21.25
2018-01-10,55.3313,81.9745,21.3
2018-01-11,55.4302,82.2172,21.7
2018-01-12,55.1581,83.6361,21.5
2018-01-16,54.4482,82.4693,21.5
2018-01-17,55.5885,84.1401,21.65
2018-01-18,55.5193,84.1028,21.5
2018-01-19,56.9218,84.0094,22.8
2018-01-22,57.8074,85.5123,23.35
2018-01-23,59.0987,85.783,22.9
2018-01-24,58.3294,85.7083,22.8
2018-01-25,58.4654,86.1844,22.65
2018-01-26,60.192,87.7992,23.85
2018-01-29,61.0628,87.6685,24.5
2018-01-30,60.0411,86.5671,24.65
2018-01-31,60.803,88.686,22.825
2018-02-01,59.492,87.9859,22.575
2018-02-02,57.7654,85.671,20.6
2018-02-05,52.8625,82.1426,19.3
2018-02-06,55.8013,85.2509,19.55
2018-02-07,56.5978,83.6454,19.8
2018-02-08,53.8075,79.3516,18.6
2018-02-09,57.4091,82.3106,18.85
2018-02-12,56.4073,83.1974,18.8
2018-02-13,57.5452,83.8508,18.4
2018-02-14,59.7196,85.1637,19.3
2018-02-15,60.9762,86.8987,19.5
2018-02-16,60.3182,86.2797,19.1
2018-02-20,61.6144,86.955,18.85
2018-02-21,59.7418,85.8014,18.15
2018-02-22,59.9374,86.0265,18.35
2018-02-23,60.873,88.2116,18.5
2018-02-26,61.0339,89.4871,18.9
2018-02-27,60.9052,88.3429,18.6
2018-02-28,59.9002,87.9397,18.1
2018-03-01,57.477,87.0769,18.05
2018-03-02,58.5488,87.2644,18.275
2018-03-05,58.3285,87.8178,18.9
2018-03-06,59.9398,87.5176,19.35
2018-03-07,59.8606,88.0241,19.6
2018-03-08,59.6973,88.5586,19.35
2018-03-09,60.7245,90.5374,19.75
2018-03-12,61.821,90.7531,19.5
2018-03-13,61.3136,88.5399,19.55
2018-03-14,61.5685,88.0147,19.6
2018-03-15,61.717,88.3242,19.65
2018-03-16,61.9992,88.7181,19.7
2018-03-19,59.6527,87.1144,18.7
2018-03-20,61.7765,87.3395,18.7
2018-03-21,61.524,86.7299,18.3
2018-03-22,59.8631,84.2071,17.7
2018-03-23,57.6651,81.7594,17.25
2018-03-26,60.5141,87.949,17.1
2018-03-27,55.8211,83.907,16.6
2018-03-28,54.7889,83.832,16.65
2018-03-29,57.3235,85.5951,17.0
2018-04-02,54.7147,83.0161,16.35
2018-04-03,55.779,84.1321,16.6
2018-04-04,55.9993,86.5892,16.75
2018-04-05,54.7963,86.6361,16.75
2018-04-06,53.0315,84.6198,16.55
2018-04-09,53.3186,85.1262,16.35
2018-04-10,56.4127,87.105,17.05
2018-04-11,55.9993,86.1484,17.25
2018-04-12,58.0686,87.7615,17.55
2018-04-13,57.3013,87.2926,17.35
2018-04-16,57.2988,88.3148,17.7
2018-04-17,58.7963,90.0967,18.3
2018-04-18,58.5067,90.4437,18.0
2018-04-19,56.6924,90.1342,17.75
2018-04-20,56.6107,89.0932,17.45
2018-04-23,55.4151,89.4214,17.4
2018-04-24,54.7518,87.3301,17.55
2018-04-25,53.628,86.5704,17.6
2018-04-26,55.7468,88.3992,17.7
2018-04-27,56.0216,89.8622,18.1
2018-04-30,55.6676,87.7052,17.7
2018-05-01,56.2221,89.0932,18.25
2018-05-02,56.0166,87.6958,17.95
2018-05-03,57.6701,88.221,18.05
2018-05-04,59.1725,89.2432,21.25
2018-05-07,61.5537,90.2373,23.05
2018-05-08,61.9794,89.8528,24.0
2018-05-09,63.3111,90.9126,24.0
2018-05-10,64.3878,91.8223,23.8
2018-05-11,63.0017,91.6253,23.4
2018-05-14,63.2071,91.9348,23.6
2018-05-15,60.7814,91.2689,23.75
2018-05-16,60.8928,91.5044,23.9
2018-05-17,61.3136,90.5908,23.95
2018-05-18,60.8755,90.7603,23.65
2018-05-21,60.4547,91.9283,23.85
2018-05-22,60.0735,91.8341,23.7
2018-05-23,61.3094,92.9267,23.7
2018-05-24,61.3466,92.597,23.7
2018-05-25,61.7404,92.6441,23.7
2018-05-29,61.5695,92.3144,24.0
2018-05-30,62.6592,93.1998,24.35
2018-05-31,62.4611,93.0962,24.1
2018-06-01,63.806,94.9329,24.4
2018-06-04,65.5966,95.7617,24.55
2018-06-05,65.6511,96.2515,25.15
2018-06-06,65.671,96.5341,25.75
2018-06-07,65.1137,95.0177,25.6
2018-06-08,64.9601,95.7241,26.2
2018-06-11,64.549,95.1778,26.55
2018-06-12,65.0344,95.4227,27.0
2018-06-13,64.9898,94.9894,26.75
2018-06-14,66.1069,95.5263,26.2
2018-06-15,65.6982,94.3112,25.75
2018-06-18,65.6561,94.9988,25.5
2018-06-19,64.4375,94.9988,25.25
2018-06-20,64.9676,95.9501,25.25
2018-06-21,63.6796,95.2625,25.05
2018-06-22,62.154,94.575,24.9
2018-06-25,59.224,92.6724,24.1
2018-06-26,59.9348,93.3223,24.25
2018-06-27,58.3819,91.8717,23.8
2018-06-28,59.6549,92.8984,23.75
2018-06-29,58.6741,92.8796,23.65
2018-07-02,59.9967,94.1982,24.55
2018-07-03,58.6593,93.294,24.1
2018-07-05,60.1181,93.9627,24.3
2018-07-06,61.2574,95.2814,24.15
2018-07-09,61.7329,95.9313,24.45
2018-07-10,62.7236,96.1856,24.6
2018-07-11,61.3069,96.0537,23.7
2018-07-12,62.2233,98.1353,23.95
2018-07-13,61.7503,99.3032,24.0
2018-07-16,61.4729,98.8135,24.2
2018-07-17,62.8326,99.793,23.95
2018-07-18,62.3397,99.0113,24.2
2018-07-19,62.4215,98.3331,24.25
2018-07-20,62.1391,100.0944,23.75
2018-07-23,61.7726,101.6956,23.7
2018-07-24,61.5992,101.4037,23.65
2018-07-25,62.3818,104.3894,23.1
2018-07-26,63.1174,103.2498,23.2
2018-07-27,62.419,101.4225,22.2
2018-07-30,60.4648,99.2467,22.15
2018-07-31,60.6456,99.9155,22.1
2018-08-01,61.0444,100.1038,21.7
2018-08-02,62.0722,101.3189,21.7
2018-08-03,62.4388,101.7616,21.0
2018-08-06,62.9168,101.8463,21.05
2018-08-07,63.64,102.5528,20.25
2018-08-08,64.0041,103.1273,19.65
2018-08-09,63.5187,103.2968,20.125
2018-08-10,63.105,102.6658,19.8
2018-08-13,63.4344,101.9217,19.95
2018-08-14,64.7496,103.1932,19.7
2018-08-15,64.1676,101.7939,18.75
2018-08-16,63.7614,101.775,19.15
2018-08-17,60.6357,101.7182,18.85
2018-08-20,61.3837,101.0469,18.95
2018-08-21,62.741,100.2054,18.35
2018-08-22,65.0939,101.2266,15.65
2018-08-23,66.0895,101.6993,17.24
2018-08-24,67.422,102.4936,16.38
2018-08-27,68.3335,103.6282,17.25
2018-08-28,67.957,104.2522,19.48
2018-08-29,69.0127,105.9163,20.15
2018-08-30,68.8442,105.8501,20.65
2018-08-31,69.5554,106.2094,20.51
2018-09-04,70.3038,105.6232,20.45
2018-09-05,68.9953,102.5787,19.75
2018-09-06,67.5828,102.815,20.0
2018-09-07,67.3697,102.3139,20.24
2018-09-10,68.0809,103.4202,20.025
2018-09-11,67.6026,105.1788,19.77
2018-09-12,66.4627,105.6232,19.8
2018-09-13,67.2408,106.7578,20.0
2018-09-14,68.5022,107.1928,20.1
2018-09-17,67.8826,106.0298,20.47
2018-09-18,67.1615,107.0415,20.55
2018-09-19,67.3994,105.6138,20.67
2018-09-20,65.9869,107.3819,21.2
2018-09-21,65.2856,108.0343,20.7
2018-09-24,65.8432,108.4219,19.91
2018-09-25,66.5147,108.2139,21.32
2018-09-26,66.1455,107.7695,21.0
2018-09-27,66.2644,108.1761,20.56
2018-09-28,69.6396,108.1383,20.61
2018-10-01,71.7064,109.3107,21.5
2018-10-02,70.9927,108.8758,21.46
2018-10-03,71.0546,108.8947,21.4
2018-10-04,69.2109,106.6444,12.6
2018-10-05,66.8741,106.0203,12.395
2018-10-08,65.8605,104.8101,14.7499
2018-10-09,65.8035,106.1432,12.46
2018-10-10,60.8845,100.3756,12.8
2018-10-11,58.2676,100.1392,13.05
2018-10-12,61.0951,103.5998,13.11
2018-10-15,58.3296,101.7372,13.77
2018-10-16,60.9192,104.9519,13.34
2018-10-17,60.2327,104.6777,13.55
2018-10-18,59.358,102.5881,13.375
2018-10-19,56.7907,102.7394,14.1
2018-10-22,57.2987,103.6565,14.7
2018-10-23,54.7809,102.2099,14.65
2018-10-24,49.4158,96.7448,14.7
2018-10-25,51.5049,102.399,14.76
2018-10-26,49.1383,101.132,14.4
2018-10-29,45.9985,98.1915,13.3
2018-10-30,50.3055,98.078,13.0
2018-10-31,52.2458,100.9902,13.1
2018-11-01,54.0499,100.1487,13.79
2018-11-02,53.2594,100.3756,13.75
2018-11-05,52.4788,101.6521,12.36
2018-11-06,52.3028,101.8506,12.37
2018-11-07,52.9793,105.8596,12.07
2018-11-08,51.0464,105.661,11.65
2018-11-09,50.9671,103.5998,12.14
2018-11-12,46.9699,101.0469,11.78
2018-11-13,49.391,101.1131,11.74
2018-11-14,48.8657,99.6792,12.05
2018-11-15,50.1543,101.8728,12.42
2018-11-16,40.7474,102.8319,14.3
2018-11-19,35.8581,99.3469,13.75
2018-11-20,36.9435,96.5835,13.4
2018-11-21,35.8606,97.913,13.48
2018-11-23,35.9325,97.875,13.98
2018-11-26,37.9274,101.1036,13.52
2018-11-27,38.0959,101.7398,13.9
2018-11-28,39.667,105.5192,14.05
2018-11-29,39.0344,104.6361,14.5
2018-11-30,40.5401,105.3008,14.9
2018-12-03,42.1798,106.4404,14.95
2018-12-04,38.9724,103.0503,14.79
2018-12-06,39.2651,103.6865,15.9
2018-12-07,36.6159,99.5368,16.25
2018-12-10,37.6701,102.1672,16.35
2018-12-11,36.7597,103.1168,16.5
2018-12-12,36.9359,103.5821,16.0
2018-12-13,36.9334,103.9334,16.3
2018-12-14,36.3281,100.6858,16.65
2018-12-17,35.6162,97.7041,15.35
2018-12-18,36.4497,98.7296,15.05
2018-12-19,34.3585,98.4637,14.9
2018-12-20,33.5127,96.3936,14.9
2018-12-21,32.1409,93.2789,14.01
2018-12-24,31.5232,89.3856,14.08
2018-12-26,33.0165,95.4915,14.06
2018-12-27,32.5378,96.0802,13.98
2018-12-28,33.153,95.3301,13.9
2018-12-31,33.1158,96.4506,13.8
2019-01-02,33.7905,96.0233,15.1
2019-01-03,31.749,92.4908,15.7
2019-01-04,33.783,96.7924,15.56
2019-01-07,35.5715,96.9159,15.7
2019-01-08,34.686,97.6186,15.6
2019-01-09,35.3681,99.0145,15.5275
2019-01-10,36.0255,98.3783,15.53
2019-01-11,36.9185,97.6186,15.03
2019-01-14,37.3179,96.9064,15.34
2019-01-15,37.1765,99.7172,15.1
2019-01-16,36.921,100.0686,14.95
2019-01-17,37.6354,100.7713,14.8
2019-01-18,38.9278,102.2811,15.0
2019-01-22,36.9036,100.3534,14.72
2019-01-23,37.0326,101.3315,14.9
2019-01-24,39.1535,100.8472,14.98
2019-01-25,39.7265,101.7683,14.95
2019-01-28,34.2345,99.7837,14.75
2019-01-29,32.6445,97.7515,14.95
2019-01-30,34.0807,101.0182,15.0701
2019-01-31,35.6584,99.1664,15.1
2019-02-01,35.9015,97.5996,15.26
2019-02-04,37.0053,100.4104,15.3
2019-02-05,37.1963,101.8158,15.74
2019-02-06,37.9529,100.6858,15.66
2019-02-07,36.5687,99.9641,15.35
2019-02-08,36.7548,100.3439,15.4
2019-02-11,36.3281,99.9451,15.45
2019-02-12,37.4989,101.5024,16.2
2019-02-13,37.9231,101.4265,16.35
2019-02-14,38.3324,101.5119,16.15
2019-02-15,39.0295,102.7654,19.76
2019-02-19,38.8558,102.7179,19.97
2019-02-20,39.3296,102.1839,19.2
2019-02-21,38.64,104.3391,19.33
2019-02-22,39.4884,105.8268,19.74
2019-02-25,39.3643,106.4181,19.67
2019-02-26,38.9699,107.1524,19.39
2019-02-27,38.5507,106.9712,19.1
2019-02-28,38.3049,106.8377,19.12
2019-03-01,38.8487,107.3145,19.55
2019-03-04,38.9306,107.0571,19.55
2019-03-05,38.8661,106.523,19.75
2019-03-06,37.7561,106.5707,19.2
2019-03-07,37.0633,105.2737,19.46
2019-03-08,37.406,105.3882,19.45
2019-03-11,40.0133,107.6006,19.5
2019-03-12,40.356,108.354,19.6
2019-03-13,41.8707,109.1932,19.8
2019-03-14,41.1108,109.2791,20.03
2019-03-15,42.1662,110.5379,20.08
2019-03-18,41.9526,112.1209,20.3
2019-03-19,43.6312,112.1972,20.26
2019-03-20,43.3059,112.0733,20.5
2019-03-21,45.6748,114.6481,20.7
2019-03-22,44.0757,111.6251,20.6
2019-03-25,43.152,112.2068,20.9
2019-03-26,43.9193,112.4452,20.86
2019-03-27,43.8274,111.358,20.95
2019-03-28,44.0136,111.5106,21.0
2019-03-29,44.5872,112.4738,21.1275
2019-04-01,45.2626,113.5037,21.9
2019-04-02,45.4414,113.6659,21.95
2019-04-03,46.8369,114.4097,22.02
2019-04-04,46.7476,113.828,22.01
2019-04-05,47.4155,114.3334,22.03
2019-04-08,47.6241,114.3716,22.0
2019-04-09,46.9959,113.7517,21.99
2019-04-10,47.7011,114.6195,21.9
2019-04-11,47.562,114.753,22.0
2019-04-12,47.1821,115.3443,21.97
2019-04-15,45.8636,115.4397,22.01
2019-04-16,46.7351,115.1726,22.0
2019-04-17,46.5067,116.1263,22.1
2019-04-18,46.2609,117.6521,21.97
2019-04-22,46.7997,118.0241,21.97
2019-04-23,47.346,119.6262,22.15
2019-04-24,47.4701,119.2161,22.19
2019-04-25,46.4123,123.1642,22.25
2019-04-26,44.2222,123.87,22.2
2019-04-29,44.5301,123.7555,22.3
2019-04-30,44.9448,124.547,22.42
2019-05-01,44.8132,121.9531,22.85
2019-05-02,45.4886,120.3605,22.41
2019-05-03,45.4439,122.9258,22.5
2019-05-06,44.6592,122.2106,22.5
2019-05-07,42.9856,119.7025,22.1
2019-05-08,43.1867,119.693,21.3
2019-05-09,42.2605,119.6834,21.0
2019-05-10,41.9203,121.2379,20.11
2019-05-13,39.3453,117.6331,19.65
2019-05-14,40.2368,118.9491,19.91
2019-05-15,39.6259,120.6242,20.39
2019-05-16,39.7774,123.4096,20.02
2019-05-17,38.8686,122.5864,19.85
2019-05-20,37.6816,120.8156,19.945
2019-05-21,38.5035,121.4665,20.07
2019-05-22,37.7934,122.2035,20.16
2019-05-23,36.5816,120.7773,19.85
2019-05-24,36.0427,120.8348,19.91
2019-05-28,35.5908,120.7582,19.68
2019-05-29,34.8484,119.5904,19.22
2019-05-30,34.5824,120.3466,19.33
2019-05-31,33.675,118.3844,19.0
2019-06-03,33.2573,114.7088,19.3
2019-06-04,35.5494,117.8866,19.0
2019-06-05,35.1218,120.4423,18.85
2019-06-06,35.7433,122.3471,18.3
2019-06-07,36.1709,125.7738,18.35
2019-06-10,36.8993,126.9224,18.46
2019-06-11,37.476,126.4438,18.37
2019-06-12,36.3449,125.86,18.18
2019-06-13,36.857,126.6544,17.39
2019-06-14,35.9571,126.7789,17.54
2019-06-17,36.0541,127.1617,18.0
2019-06-18,38.0055,129.3728,18.4
2019-06-19,38.0652,129.8801,18.7
2019-06-20,38.3088,131.0862,19.03
2019-06-21,37.7271,131.1053,19.06
2019-06-24,37.9509,131.8806,19.4
2019-06-25,37.6575,127.7169,19.05
2019-06-26,39.5916,128.1955,19.19
2019-06-27,40.5785,128.4061,19.19
2019-06-28,40.8271,128.2242,19.35
2019-07-01,41.3094,129.8706,19.28
2019-07-02,40.3299,130.732,19.05
2019-07-03,40.4592,131.5743,18.92
2019-07-05,39.8327,131.1915,18.61
2019-07-08,39.082,131.0958,18.61
2019-07-09,39.1068,130.6172,18.65
2019-07-10,39.7905,131.9476,19.2
2019-07-11,41.3367,132.4741,18.85
2019-07-12,41.6674,132.9527,18.58
2019-07-15,41.5829,132.9527,18.7
2019-07-16,41.5356,131.2106,19.2
2019-07-17,42.1894,130.4353,18.76
2019-07-18,42.3063,130.5789,18.6
2019-07-19,41.8737,130.7703,19.0
2019-07-22,42.5897,132.5028,19.5
2019-07-23,43.6686,133.326,19.11
2019-07-24,44.4144,134.6948,19.26
2019-07-25,43.1018,134.1875,18.9
2019-07-26,43.5219,135.2882,18.66
2019-07-29,43.4598,134.9915,18.72
2019-07-30,43.6164,134.3406,18.52
2019-07-31,41.9433,130.4353,18.31
2019-08-01,40.9987,132.1487,18.14
2019-08-02,40.0714,131.0383,17.0
2019-08-05,37.486,126.5491,16.31
2019-08-06,37.8738,128.9229,17.6
2019-08-07,38.2566,129.4877,17.85
2019-08-08,39.343,132.9431,17.99
2019-08-09,38.3287,131.8136,17.09
2019-08-12,37.65,129.9758,16.99
2019-08-13,38.7936,132.6655,17.0
2019-08-14,37.307,128.6704,16.8
2019-08-15,36.9838,128.3823,16.34
2019-08-16,39.6662,130.7352,19.3
2019-08-19,42.4554,132.9248,19.6
2019-08-20,41.732,131.8204,19.93
2019-08-21,42.5673,133.2898,19.95
2019-08-22,42.6295,132.3198,20.0
2019-08-23,40.3821,128.1038,19.35
2019-08-26,41.1304,130.0821,19.32
2019-08-27,40.223,130.3606,19.05
2019-08-28,40.1185,130.1878,19.4
2019-08-29,41.5568,132.6463,19.58
2019-08-30,41.6837,132.3966,18.9
2019-09-03,40.8526,130.6488,18.42
2019-09-04,41.9948,132.1757,18.55
2019-09-05,44.7271,134.4998,18.85
2019-09-06,44.4559,133.5875,19.24
2019-09-09,44.9162,132.0701,19.4
2019-09-10,45.5831,130.6872,19.29
2019-09-11,45.8693,130.7256,19.1
2019-09-12,45.8544,132.0701,19.02
2019-09-13,45.2745,131.878,19.1
2019-09-16,44.844,130.9273,19.3
2019-09-17,45.0581,131.9453,19.53
2019-09-18,44.7868,133.0305,19.68
2019-09-19,44.0303,135.4794,19.55
2019-09-20,42.9727,133.914,19.75
2019-09-23,43.5078,133.6259,19.61
2019-09-24,42.9329,131.9357,19.58
2019-09-25,44.3513,133.8372,19.28
2019-09-26,44.1299,134.0101,18.84
2019-09-27,42.7413,132.2718,19.1
2019-09-30,43.3162,133.5203,19.2
2019-10-01,43.2987,131.6379,19.4
2019-10-02,43.0598,129.3138,19.25
2019-10-03,45.1178,130.8792,19.2
2019-10-04,45.282,132.6463,19.35
2019-10-07,45.8693,131.686,19.4
2019-10-08,44.1025,130.2934,19.01
2019-10-09,44.9685,132.7616,19.0
2019-10-10,45.5458,133.5875,19.0
2019-10-11,46.2824,134.1445,18.7604
2019-10-14,46.4167,134.0197,18.75
2019-10-15,48.8654,135.9644,18.82
2019-10-16,48.3279,134.8456,19.43
2019-10-17,48.3478,134.1541,19.55
2019-10-18,47.4022,131.9645,19.2
2019-10-21,48.7758,132.944,19.71
2019-10-22,48.6762,130.9657,19.94
2019-10-23,48.5468,131.8012,19.975
2019-10-24,48.9873,134.3942,20.6
2019-10-25,50.8984,135.1529,20.87
2019-10-28,51.4583,138.4758,21.2
2019-10-29,50.4953,137.1697,21.01
2019-10-30,50.5152,138.8791,20.37
2019-10-31,50.0225,137.6883,20.68
2019-11-01,50.4132,138.0244,20.5
2019-11-04,52.3815,138.8215,20.53
2019-11-05,52.16,138.7351,20.8
2019-11-06,51.6673,138.3509,20.7
2019-11-07,51.844,138.543,20.9
2019-11-08,51.7047,140.1756,21.25
2019-11-11,51.8042,140.3197,21.37
2019-11-12,52.16,141.2416,21.45
2019-11-13,51.9012,141.4721,21.5
2019-11-14,52.2048,142.1924,21.55
2019-11-15,50.8113,144.0267,22.18
2019-11-18,52.8245,144.382,21.87
2019-11-19,51.7569,144.4301,21.45
2019-11-20,52.5507,144.1795,21.1
2019-11-21,52.3019,144.0446,21.0
2019-11-22,52.4786,144.1506,21.0
2019-11-25,55.0466,145.731,21.25
2019-11-26,53.999,146.5019,21.5
2019-11-27,54.3476,146.7813,21.5
2019-11-29,53.9741,145.8755,21.3
2019-12-02,52.1089,144.1121,21.495
2019-12-03,51.7129,143.8808,21.6
2019-12-04,52.1512,144.4012,21.55
2019-12-05,51.9819,144.4782,21.5
2019-12-06,52.836,146.2321,21.6
2019-12-09,52.836,145.8563,22.03
2019-12-10,53.2868,145.6346,22.0
2019-12-11,54.1235,146.1839,21.7
2019-12-12,55.7995,147.6679,22.0
2019-12-13,55.7795,148.911,22.06
2019-12-16,56.0684,149.8746,22.52
2019-12-17,56.8504,149.0652,22.5
2019-12-18,57.1542,148.7568,22.47
2019-12-19,58.6359,150.0481,22.65
2019-12-20,59.6096,151.6863,24.65
2019-12-23,59.4726,151.6863,24.2
2019-12-24,59.4228,151.6574,23.9
2019-12-26,59.5647,152.9004,23.8
2019-12-27,58.987,153.1799,24.1
2019-12-30,57.8539,151.8597,24.0
2019-12-31,58.596,151.9657,24.02
2020-01-02,59.744,154.7795,23.63
2020-01-03,58.7878,152.8523,23.44
2020-01-06,59.0343,153.2474,23.27
2020-01-07,59.749,151.8501,23.1
2020-01-08,59.8611,154.2688,23.07
2020-01-09,60.5185,156.1961,23.2
2020-01-10,60.8423,155.4734,26.09
2020-01-13,62.7498,157.3428,28.51
2020-01-14,61.5794,156.2346,27.0
2020-01-15,61.1535,157.2465,27.7
2020-01-16,61.9903,160.1277,28.61
2020-01-17,62.0774,161.0239,28.67
2020-01-21,61.7437,160.4457,28.59
2020-01-22,62.2692,159.6748,29.12
2020-01-23,62.9689,160.6577,28.79
2020-01-24,62.3763,159.0388,28.94
2020-01-27,59.8163,156.3792,28.71
2020-01-28,61.7512,159.4435,28.81
2020-01-29,61.1461,161.9297,28.78
2020-01-30,61.2133,166.4974,28.75
2020-01-31,58.8774,164.0401,27.96
2020-02-03,59.8486,168.0392,28.66
2020-02-04,61.542,173.5705,29.21
2020-02-05,62.446,173.3585,29.46
2020-02-06,63.3138,176.9528,28.26
2020-02-07,62.6527,177.2034,27.55
2020-02-10,65.4866,181.8385,29.105
2020-02-11,66.7118,177.7334,28.99
2020-02-12,67.8698,177.9936,29.04
2020-02-13,67.4315,177.0299,28.69
2020-02-14,72.1655,178.6103,28.02
2020-02-18,73.8539,180.4219,27.53
2020-02-19,78.3688,180.9631,27.56
2020-02-20,76.8746,178.1995,27.86
2020-02-21,73.2313,172.5662,27.74
2020-02-24,68.0541,165.1259,26.95
2020-02-25,65.2575,162.401,26.37
2020-02-26,66.6521,164.4302,26.53
2020-02-27,62.9418,152.8446,25.755
2020-02-28,67.2949,156.5454,25.38
2020-03-02,68.8797,166.9618,26.15
2020-03-03,66.2534,158.9611,26.095
2020-03-04,70.893,164.7974,26.67
2020-03-05,68.0973,160.6617,25.89
2020-03-06,66.2907,156.1203,25.26
2020-03-09,61.1577,145.5396,23.04
2020-03-10,65.0548,155.4922,24.38
2020-03-11,61.4144,148.4481,24.24
2020-03-12,53.8992,134.3695,22.2
2020-03-13,60.0115,153.4727,22.92
2020-03-16,48.9381,130.8523,17.38
2020-03-17,54.1384,141.6262,19.12
2020-03-18,50.5378,135.6643,15.98
2020-03-19,53.067,137.8964,16.1
2020-03-20,51.2679,132.7172,16.88
2020-03-23,52.9972,131.3934,16.77
2020-03-24,62.0896,143.3365,18.81
2020-03-25,61.2026,141.9644,20.67
2020-03-26,64.098,150.8444,21.73
2020-03-27,62.9742,144.6506,20.37
2020-03-30,66.1786,154.8255,20.89
2020-03-31,65.6828,152.3905,21.28
2020-04-01,60.5672,146.9793,20.46
2020-04-02,63.657,150.0231,20.89
2020-04-03,60.7765,148.6413,20.18
2020-04-06,66.8788,159.6955,20.21
2020-04-07,64.544,157.9755,20.28
2020-04-08,66.5175,159.5602,20.93
2020-04-09,65.5208,159.5698,21.48
2020-04-13,67.2401,159.9274,21.29
2020-04-14,70.7535,167.8411,21.9
2020-04-15,69.9785,166.0825,21.61
2020-04-16,73.4321,171.0685,21.6
2020-04-17,72.8391,172.5758,21.77
2020-04-20,71.5259,169.1552,21.69
2020-04-21,67.1554,162.1594,20.98
2020-04-22,71.3017,167.6672,21.46
2020-04-23,70.7684,165.638,21.62
2020-04-24,72.1588,168.6624,21.7
2020-04-27,74.0252,168.1793,22.23
2020-04-28,72.5999,164.0823,22.77
2020-04-29,74.369,171.4453,23.47
2020-04-30,72.8291,173.1653,22.9
2020-05-01,70.4619,168.6818,22.23
2020-05-04,72.5812,172.8077,22.33
2020-05-05,73.1929,174.663,22.47
2020-05-06,74.2021,176.3829,22.02
2020-05-07,75.9662,177.4072,22.38
2020-05-08,77.8675,178.4508,25.42
2020-05-11,80.3891,180.4413,25.65
2020-05-12,77.7678,176.3539,23.98
2020-05-13,77.5435,173.687,23.29
2020-05-14,80.0403,174.4407,23.35
2020-05-15,84.6276,176.982,23.29
2020-05-18,87.214,178.673,24.41
2020-05-19,87.7647,177.4362,24.79
2020-05-20,89.4043,179.8973,25.6
2020-05-21,87.4632,177.7366,25.16
2020-05-22,89.9649,177.8141,24.7
2020-05-26,86.8901,175.9343,25.3
2020-05-27,84.9715,176.1668,25.89
2020-05-28,84.5902,175.7696,25.33
2020-05-29,88.4624,177.5621,25.96
2020-06-01,87.7722,177.1552,26.55
2020-06-02,87.9616,179.1706,27.46
2020-06-03,87.4059,179.6066,27.73
2020-06-04,87.4159,177.2424,27.75
2020-06-05,88.9465,181.3895,28.61
2020-06-08,87.7998,182.5135,29.71
2020-06-09,90.2029,183.9088,29.62
2020-06-10,93.4013,190.7303,29.1
2020-06-11,87.7125,180.4884,28.02
2020-06-12,89.0712,181.9128,29.22
2020-06-15,91.4768,183.0755,31.29
2020-06-16,90.4273,187.5618,31.15
2020-06-17,92.0975,188.211,31.77
2020-06-18,91.918,190.2265,31.42
2020-06-19,92.3493,189.0928,32.31
2020-06-22,94.9968,194.3445,31.03
2020-06-23,94.2315,195.643,31.27
2020-06-24,92.0926,191.6993,30.61
2020-06-25,94.6303,194.1217,31.03
2020-06-26,91.2898,190.2361,28.12
2020-06-29,91.7386,192.2807,28.24
2020-06-30,94.7076,197.1933,28.39
2020-07-01,95.0292,198.3464,27.94
2020-07-02,95.8493,199.8579,27.48
2020-07-06,98.1129,204.1601,27.95
2020-07-07,98.437,201.7862,27.53
2020-07-08,101.8697,206.224,28.21
2020-07-09,104.7914,207.6678,27.66
2020-07-10,104.4947,207.0379,27.64
2020-07-13,100.2368,200.6428,27.13
2020-07-14,103.4751,201.8831,27.7
2020-07-15,101.9819,201.5827,27.86
2020-07-16,101.0595,197.5906,28.13
2020-07-17,101.7251,196.5828,28.4
2020-07-20,104.8088,205.0322,28.65
2020-07-21,102.9915,202.2706,28.09
2020-07-22,104.0909,205.1775,27.97
2020-07-23,101.0096,196.2534,27.62
2020-07-24,101.6553,195.0519,27.17
2020-07-27,103.9188,197.5227,28.46
2020-07-28,101.8647,195.7495,28.14
2020-07-29,104.3576,197.7262,29.58
2020-07-30,105.8384,197.5712,29.73
2020-07-31,105.8459,198.6467,30.305
2020-08-03,109.7896,209.8189,30.31
2020-08-04,111.9584,206.6697,30.33
2020-08-05,112.5468,206.3306,30.79
2020-08-06,113.0329,209.6348,30.09
2020-08-07,111.6767,205.8849,30.18
2020-08-10,111.3327,201.7862,30.21
2020-08-11,108.1917,197.0673,30.48
2020-08-12,114.0774,202.697,26.01
2020-08-13,114.1048,202.2222,25.99
2020-08-14,115.3114,202.416,26.1
2020-08-17,123.0194,203.7532,25.74
2020-08-18,122.2591,204.9256,25.86
2020-08-19,121.0401,203.6823,25.91
2020-08-20,121.065,208.4223,26.19
2020-08-21,126.4746,206.9071,26.54
2020-08-24,126.841,207.5578,26.66
2020-08-25,127.1377,210.2581,26.65
2020-08-26,127.367,214.8038,25.99
2020-08-27,125.9236,220.0779,26.15
2020-08-28,131.1039,222.3411,27.07
2020-08-31,133.3649,219.0581,27.39
2020-09-01,137.8585,220.7481,27.07
2020-09-02,143.1001,225.0024,27.315
2020-09-03,129.824,211.0642,25.84
2020-09-04,125.904,208.1018,25.54
2020-09-08,118.827,196.8444,25.31
2020-09-09,126.8266,205.2267,26.17
2020-09-10,122.8044,199.4766,25.44
2020-09-11,121.3356,198.175,25.66
2020-09-14,128.3951,199.5154,26.34
2020-09-15,129.5796,202.7887,26.25
2020-09-16,124.8267,199.1658,26.3
2020-09-17,124.318,197.0872,26.39
2020-09-18,121.5825,194.6395,26.95
2020-09-21,124.8541,196.7278,25.905
2020-09-22,126.0561,201.4678,26.04
2020-09-23,120.9291,194.8338,25.13
2020-09-24,123.1659,197.3591,25.42
2020-09-25,128.4101,201.8563,25.71
2020-09-28,130.0185,203.4298,26.49
2020-09-29,131.9211,201.3124,26.8
2020-09-30,134.9609,204.2943,26.4
2020-10-01,135.7987,206.3631,26.16
2020-10-02,130.2903,200.2731,25.83
2020-10-05,136.078,204.3428,26.76
2020-10-06,137.0156,200.0011,26.51
2020-10-07,139.2848,203.8086,27.03
2020-10-08,138.0355,204.5371,27.61
2020-10-09,137.2775,209.617,27.71
2020-10-12,141.8982,215.0466,27.92
2020-10-13,142.1201,216.4647,27.85
2020-10-14,140.594,214.5221,27.45
2020-10-15,139.3447,213.3565,27.66
2020-10-16,137.7637,213.3565,27.29
2020-10-19,134.6342,208.0726,26.69
2020-10-20,136.1079,208.4903,26.515
2020-10-21,134.9035,208.636,26.15
2020-10-22,133.2702,208.7234,26.76
2020-10-23,135.5568,210.0249,25.46
2020-10-26,131.0783,204.0514,24.3
2020-10-27,133.6268,207.1305,23.74
2020-10-28,125.9488,196.8638,22.25
2020-10-29,129.9087,198.8452,22.95
2020-10-30,125.0212,196.6598,22.72
2020-11-02,125.4875,196.5238,23.0
2020-11-03,129.8639,200.5062,23.21
2020-11-04,137.5917,210.1804,28.38
2020-11-05,141.2399,216.8823,28.69
2020-11-06,145.2496,217.3,27.97
2020-11-09,135.9608,212.123,27.7
2020-11-10,127.3752,204.9547,27.775
2020-11-11,133.8387,210.3358,28.495
2020-11-12,134.2252,209.2576,28.55
2020-11-13,132.6318,210.2969,29.53
2020-11-16,134.8088,210.9962,29.49
2020-11-17,133.8811,208.3057,29.5
2020-11-18,133.946,205.5595,29.56
2020-11-19,134.0607,206.8644,29.96
2020-11-20,130.5446,204.8875,29.94
2020-11-23,131.0658,204.6149,29.355
2020-11-24,129.2479,208.2668,29.09
2020-11-25,132.0109,208.2765,29.31
2020-11-27,132.2752,209.601,29.65
2020-11-30,133.6741,208.4713,28.21
2020-12-01,133.5594,210.5553,28.87
2020-12-02,135.1005,209.7373,29.14
2020-12-03,133.6588,208.6368,29.67
2020-12-04,135.2776,208.7537,30.63
2020-12-07,135.7615,208.6855,30.95
2020-12-08,133.1998,210.3606,30.92
2020-12-09,129.0167,206.2607,30.34
2020-12-10,129.4308,205.0141,30.43
2020-12-11,129.8399,207.6825,29.92
2020-12-14,132.7882,208.5979,29.24
2020-12-15,133.3046,208.5297,29.9
2020-12-16,132.1272,213.545,29.93
2020-12-17,133.1125,213.6814,29.95
2020-12-18,132.4215,212.8731,30.49
2020-12-21,133.0227,216.7685,29.97
2020-12-22,132.4839,218.0832,29.8
2020-12-23,129.8,215.2395,30.19
2020-12-24,129.6453,216.9243,30.52
2020-12-28,128.7099,219.0765,30.53
2020-12-29,129.1414,218.2877,30.53
2020-12-30,131.1619,215.8823,30.47
2020-12-31,130.2564,216.6029,31.66
2021-01-04,130.8401,211.9966,31.05
2021-01-05,133.7461,212.2011,31.16
2021-01-06,125.8613,206.6989,31.89
2021-01-07,133.1399,212.5809,32.19
2021-01-08,132.4689,213.8761,31.88
2021-01-11,135.9087,211.8018,32.1
2021-01-12,134.5443,209.3088,32.41
2021-01-13,135.0132,210.6819,32.54
2021-01-14,131.7057,207.4488,32.67
2021-01-15,128.3058,207.0884,32.35
2021-01-19,129.9596,210.7793,32.47
2021-01-20,133.3569,218.4727,33.68
2021-01-21,138.3632,219.0862,33.76
2021-01-22,136.8166,220.0406,34.21
2021-01-25,136.2255,223.527,34.7
2021-01-26,134.0504,226.2537,33.79
2021-01-27,128.887,226.8088,32.24
2021-01-28,130.2165,232.6811,31.8
2021-01-29,129.6054,225.8934,31.0
2021-02-01,132.0723,233.3823,31.54
2021-02-02,135.2626,233.2459,31.75
2021-02-03,135.0007,236.6447,33.03
2021-02-04,136.3352,235.6806,32.9
2021-02-05,135.6044,235.8656,31.95
2021-02-08,144.0628,236.1285,33.8
2021-02-09,142.3118,237.3945,33.9
2021-02-10,147.3105,236.4694,33.72
2021-02-11,152.1645,238.0957,34.22
2021-02-12,149.2761,238.5826,31.95
2021-02-16,152.9578,237.3264,31.93
2021-02-17,148.7248,238.361,31.525
2021-02-18,147.9565,237.9608,31.63
2021-02-19,148.9293,235.2082,31.68
2021-02-22,143.2347,228.9027,31.78
2021-02-23,141.102,227.6924,32.64
2021-02-24,144.664,228.9418,33.7
2021-02-25,132.7757,223.5147,32.5
2021-02-26,136.8366,226.8236,32.63
2021-03-01,138.1062,231.2746,34.27
2021-03-02,133.761,228.278,34.08
2021-03-03,127.7596,222.1189,33.62
2021-03-04,123.4243,221.3087,32.62
2021-03-05,124.3348,226.0623,33.91
2021-03-08,115.6718,221.953,34.55
2021-03-09,124.9641,228.1902,34.32
2021-03-10,124.4451,226.8627,35.7
2021-03-11,129.6876,231.4601,35.81
2021-03-12,128.3152,230.1131,36.46
2021-03-15,131.6613,229.1955,37.1
2021-03-16,132.6594,232.0262,37.14
2021-03-17,133.1584,231.3722,38.3
2021-03-18,126.9827,225.2033,38.23
2021-03-19,128.2129,224.8422,38.55
2021-03-22,131.6114,230.3473,38.92
2021-03-23,130.4586,231.8993,37.66
2021-03-24,126.1892,229.83,37.39
2021-03-25,125.1138,226.7846,37.06
2021-03-26,128.148,230.8256,38.17
2021-03-29,129.2359,229.6153,37.47
2021-03-30,128.4724,226.3063,37.94
2021-03-31,133.2283,230.1326,39.06
2021-04-01,137.8545,236.5552,39.595
2021-04-05,139.6086,243.1146,40.0
2021-04-06,138.351,241.9335,39.36
2021-04-07,141.1657,243.9247,39.34
2021-04-08,142.8973,247.1946,39.58
2021-04-09,143.7258,249.7325,39.68
2021-04-12,151.8004,249.791,40.03
2021-04-13,156.4964,252.3093,39.53
2021-04-14,152.4791,249.4787,39.28
2021-04-15,161.0652,253.2952,39.33
2021-04-16,158.822,254.5055,39.17
2021-04-19,153.325,252.5534,38.56
2021-04-20,151.4236,252.0848,37.83
2021-04-21,153.3125,254.3494,38.5
2021-04-22,148.2197,251.0209,37.79
2021-04-23,152.3618,254.9057,38.25
2021-04-26,154.4852,255.2962,38.66
2021-04-27,153.5246,255.7061,38.5
2021-04-28,152.4766,248.4733,38.14
2021-04-29,152.9557,246.4723,38.1
2021-04-30,149.8092,246.1502,37.02
2021-05-03,148.085,245.8379,37.26
2021-05-04,143.2392,241.8652,36.58
2021-05-05,144.3097,240.5767,36.26
2021-05-06,144.9534,243.7588,36.17
2021-05-07,147.8404,246.4235,36.39
2021-05-10,142.3858,241.2698,35.17
2021-05-11,142.7901,240.3425,34.19
2021-05-12,137.323,233.2853,33.65
2021-05-13,136.3923,237.219,34.57
2021-05-14,142.1588,242.2166,36.26
2021-05-17,141.3852,239.3176,36.13
2021-05-18,139.8906,237.2678,35.95
2021-05-19,140.3896,237.8548,35.8
2021-05-20,145.8467,241.142,35.9
2021-05-21,149.632,239.8604,35.66
2021-05-24,155.8227,245.3489,35.93
2021-05-25,156.1795,246.2686,35.47
2021-05-26,156.701,246.0435,35.66
2021-05-27,154.585,243.9107,35.98
2021-05-28,162.1356,244.2727,34.74
2021-06-01,162.3353,242.0421,35.21
2021-06-02,167.463,241.9443,36.28
2021-06-03,169.3743,240.3887,36.41
2021-06-04,175.4477,245.3587,36.69
2021-06-07,175.8545,248.3133,37.0
2021-06-08,174.2376,247.1001,36.85
2021-06-09,173.2916,248.0981,36.31
2021-06-10,173.958,251.669,36.41
2021-06-11,177.9538,252.3049,36.65
2021-06-14,179.8856,254.2616,36.24
2021-06-15,177.5869,252.7647,36.18
2021-06-16,177.8041,251.806,35.76
2021-06-17,186.2599,255.2497,35.39
2021-06-18,186.0752,253.8116,34.26
2021-06-21,183.9637,256.9423,34.93
2021-06-22,188.551,259.7599,34.02
2021-06-23,190.2532,259.53,34.34
2021-06-24,191.7332,260.9143,35.37
2021-06-25,189.9911,259.2805,36.01
2021-06-28,199.5151,262.9004,35.53
2021-06-29,199.9319,265.5223,35.39
2021-06-30,199.6898,265.0332,35.18
2021-07-01,201.7813,265.718,35.46
2021-07-02,204.5267,271.637,35.41
2021-07-06,206.6382,271.6468,34.6
2021-07-07,203.3761,273.8676,34.28
2021-07-08,198.694,271.412,33.8
2021-07-09,200.1665,271.9207,34.56
2021-07-12,204.7813,271.3141,33.59
2021-07-13,202.1607,274.8949,32.95
2021-07-14,198.0825,276.3917,34.45
2021-07-15,189.3447,274.9438,34.55
2021-07-16,181.3057,274.6699,34.14
2021-07-19,187.4828,271.0109,34.93
2021-07-20,185.8081,273.2708,34.83
2021-07-21,193.7748,275.3058,35.13
2021-07-22,195.6117,279.9431,34.42
2021-07-23,195.2523,283.3967,35.1
2021-07-26,192.6167,282.7901,35.28
2021-07-27,191.7581,280.3345,34.97
2021-07-28,194.7032,280.0214,35.71
2021-07-29,196.2905,280.2953,37.35
2021-07-30,194.6633,278.7398,38.04
2021-08-02,197.1691,278.6517,37.46
2021-08-03,197.818,280.9019,37.88
2021-08-04,202.4003,280.3051,37.8
2021-08-05,206.0242,283.2499,38.6
2021-08-06,203.3187,283.1912,38.95
2021-08-09,202.6099,282.0857,38.9
2021-08-10,199.0259,280.2366,38.57
2021-08-11,196.6599,280.7356,38.82
2021-08-12,198.7165,283.5336,38.33
2021-08-13,201.5417,286.5078,36.3
2021-08-16,199.1657,288.2199,37.06
2021-08-17,194.254,286.7328,36.57
2021-08-18,190.081,284.9782,35.62
2021-08-19,197.6483,290.8987,34.76
2021-08-20,207.8112,298.3386,35.64
2021-08-23,219.2121,298.6228,35.93
2021-08-24,217.5648,296.633,35.49
2021-08-25,221.7578,296.0351,35.59
2021-08-26,220.3102,293.1728,34.97
2021-08-27,225.9807,293.7904,35.73
2021-08-30,226.4998,297.5838,35.5
2021-08-31,223.5143,295.9076,36.54
2021-09-01,224.0735,295.8586,37.54
2021-09-02,223.6242,295.1921,37.84
2021-09-03,228.0874,295.1823,38.0
2021-09-07,226.2802,294.2413,36.72
2021-09-08,223.055,294.2707,36.33
2021-09-09,221.4374,291.3692,36.48
2021-09-10,224.4429,289.8597,36.59
2021-09-13,221.1878,291.1144,37.13
2021-09-14,222.0865,293.859,36.07
2021-09-15,223.075,298.7895,36.44
2021-09-16,222.0865,299.1816,36.43
2021-09-17,218.6716,293.9374,37.25
2021-09-20,210.8134,288.4776,36.32
2021-09-21,212.1414,288.9677,36.67
2021-09-22,219.081,292.6729,37.74
2021-09-23,224.4829,293.6335,37.5
2021-09-24,220.4789,293.4277,37.3
2021-09-27,216.2752,288.3502,37.88
2021-09-28,206.6796,277.9109,37.3
2021-09-29,204.8623,278.3814,36.7
2021-09-30,206.8493,276.3425,36.57
2021-10-01,207.109,283.3805,37.35
2021-10-04,197.0241,277.509,36.88
2021-10-05,204.2033,283.0472,37.28
2021-10-06,206.6896,287.3112,36.52
2021-10-07,210.434,289.0167,37.3
2021-10-08,207.9976,289.0167,36.88
2021-10-11,206.6397,288.409,36.99
2021-10-12,206.4,287.0857,35.88
2021-10-13,209.076,290.4478,35.8
2021-10-14,217.1339,296.7604,35.96
2021-10-15,218.2922,298.1916,35.44
2021-10-18,221.8868,301.2106,34.97
2021-10-19,222.5657,302.132,35.24
2021-10-20,220.6985,301.3282,35.35
2021-10-21,226.5797,304.612,35.37
2021-10-22,226.9192,303.0436,35.3
2021-10-25,231.3126,302.034,35.33
2021-10-26,246.7993,303.9748,35.45
2021-10-27,244.1433,316.7765,35.31
2021-10-28,249.036,317.9331,35.44
2021-10-29,255.2866,325.0593,35.39
2021-11-01,257.8827,322.8538,36.65
2021-11-02,263.6141,326.5394,37.06
2021-11-03,265.5811,327.3922,41.87
2021-11-04,297.5631,329.7839,46.97
2021-11-05,297.0738,329.4114,46.58
2021-11-08,307.5781,330.323,45.04
2021-11-09,306.1103,329.3036,44.84
2021-11-10,294.1482,324.2555,43.82
2021-11-11,303.4443,325.8533,44.31
2021-11-12,303.4443,330.0584,43.69
2021-11-15,299.7997,329.4212,43.09
2021-11-16,301.5771,332.7932,44.01
2021-11-17,292.1712,333.019,42.5
2021-11-18,316.275,335.1304,42.86
2021-11-19,329.3554,336.9373,42.18
2021-11-22,319.0808,333.7163,42.17
2021-11-23,316.9839,331.605,41.78
2021-11-24,326.25,331.8308,41.96
2021-11-26,314.5576,323.7489,40.43
2021-11-29,333.2595,330.5738,40.63
2021-11-30,326.27,324.6425,41.4
2021-12-01,313.917,324.1417,42.43
2021-12-02,320.8175,323.5623,42.84
2021-12-03,306.5073,317.1989,43.23
2021-12-06,299.9563,320.3217,42.7
2021-12-07,323.8234,328.8946,43.88
2021-12-08,317.8216,328.9437,43.73
2021-12-09,304.48,327.1073,42.44
2021-12-10,301.5641,336.3775,42.87
2021-12-13,281.2221,333.294,41.91
2021-12-14,282.9797,322.433,41.63
2021-12-15,304.1705,328.6295,42.38
2021-12-16,283.479,319.0549,41.6
2021-12-17,277.6271,317.9747,40.94
2021-12-20,276.8082,314.1546,41.28
2021-12-21,290.3495,321.4019,42.63
2021-12-22,293.5951,327.2055,42.59
2021-12-23,295.9918,328.6687,42.72
2021-12-27,309.0238,336.2891,44.76
2021-12-28,302.8024,335.1107,44.17
2021-12-29,299.5968,335.7981,45.55
2021-12-30,295.4525,333.2154,44.68
2021-12-31,293.7049,330.2694,43.95
2022-01-03,300.7951,328.7277,45.62
2022-01-04,292.4966,323.0909,47.14
2022-01-05,275.6598,310.6881,45.36
2022-01-06,281.3919,308.2331,45.1
2022-01-07,272.0947,308.3902,44.08
2022-01-10,273.6226,308.6161,44.18
2022-01-11,277.7869,309.3133,44.91
2022-01-12,279.6044,312.5441,44.84
2022-01-13,265.384,299.3165,45.29
2022-01-14,269.0489,304.6193,45.57
2022-01-18,258.6732,297.2052,46.17
2022-01-19,250.3247,297.8729,42.15
2022-01-20,241.1674,296.174,42.3
2022-01-21,233.4181,290.7043,41.01
2022-01-24,233.3981,291.0381,40.94
2022-01-25,222.9325,283.2999,39.45
2022-01-26,227.4064,291.372,39.01
2022-01-27,219.1378,294.4457,38.82
2022-01-28,228.0854,302.7142,40.15
2022-01-31,244.5227,305.3853,40.52
2022-02-01,246.0406,303.2052,41.7
2022-02-02,252.0723,307.8207,43.81
2022-02-03,239.1502,295.8303,39.31
2022-02-04,242.855,300.436,38.2
2022-02-07,246.9394,295.5357,38.01
2022-02-08,250.7342,299.0808,38.5
2022-02-09,266.6822,305.6112,38.65
2022-02-10,257.8843,296.94,38.57
2022-02-11,239.1601,289.7321,38.06
2022-02-14,242.3358,289.6928,38.07
2022-02-15,264.5851,295.0644,39.73
2022-02-16,264.7449,294.72,39.76
2022-02-17,244.7325,286.0899,38.85
2022-02-18,236.0944,283.3346,39.16
2022-02-22,233.5778,283.128,39.18
2022-02-23,223.5617,275.7969,39.03
2022-02-24,237.1529,289.8883,39.19
2022-02-25,241.2373,292.5649,40.17
2022-02-28,243.5141,294.0213,39.29
2022-03-01,234.4466,290.2426,39.9
2022-03-02,241.9076,295.399,42.17
2022-03-03,236.8537,291.1971,42.11
2022-03-04,229.0831,285.2338,41.57
2022-03-07,213.2622,274.4586,40.44
2022-03-08,214.8803,271.4474,40.48
2022-03-09,229.8622,283.8955,41.6
2022-03-10,226.3065,281.032,41.18
2022-03-11,220.7332,275.6001,41.59
2022-03-14,213.0425,272.028,40.52
2022-03-15,229.4527,282.5671,41.82
2022-03-16,244.6643,289.6915,42.75
2022-03-17,247.361,290.5083,41.94
2022-03-18,264.2107,295.6351,42.89
2022-03-21,267.0173,294.3854,42.99
2022-03-22,264.9198,299.2072,42.95
2022-03-23,256.0306,294.7101,42.34
2022-03-24,281.1602,299.2465,42.51
2022-03-25,276.5857,298.8333,41.99
2022-03-28,281.8493,305.7412,41.86
2022-03-29,286.2141,310.376,42.48
2022-03-30,276.5657,308.8508,39.58
2022-03-31,272.5306,303.3894,38.07
2022-04-01,266.7975,304.4816,37.92
2022-04-04,273.2697,309.9431,37.74
2022-04-05,258.997,305.9183,36.4
2022-04-06,243.7754,294.72,35.35
2022-04-07,241.7878,296.5601,35.4
2022-04-08,230.9109,292.2303,35.31
2022-04-11,218.9054,280.7072,35.19
2022-04-12,214.7804,277.5583,34.83
2022-04-13,221.762,283.0296,35.6
2022-04-14,212.3234,275.3639,36.52
2022-04-18,217.567,276.0429,36.61
2022-04-19,221.712,280.7466,44.65
2022-04-20,214.5607,281.7897,45.05
2022-04-21,201.5864,276.3283,42.72
2022-04-22,194.9144,269.6565,42.36
2022-04-25,198.7797,276.2397,42.78
2022-04-26,187.6532,265.9073,41.25
2022-04-27,183.9277,278.6998,41.64
2022-04-28,197.5812,285.0075,42.98
2022-04-29,185.2461,273.0908,42.1
2022-05-02,195.0942,279.9298,42.4
2022-05-03,195.7834,277.2828,43.23
2022-05-04,203.0945,285.3519,56.72
2022-05-05,188.2125,272.9235,53.04
2022-05-06,186.5246,270.3453,51.21
2022-05-09,169.2954,260.3573,49.17
2022-05-10,175.7376,265.1988,51.08
2022-05-11,166.0992,256.3916,49.35
2022-05-12,161.5547,251.2746,51.14
2022-05-13,176.8463,256.9525,52.35
2022-05-16,172.4316,257.3264,52.59
2022-05-17,181.5506,262.5615,54.08
2022-05-18,169.1755,250.6072,52.37
2022-05-19,171.0333,249.68,50.39
2022-05-20,166.7385,249.108,49.76
2022-05-23,168.776,257.0874,49.33
2022-05-24,161.345,256.0715,47.45
2022-05-25,169.5451,258.9318,48.77
2022-05-26,178.2945,262.2656,49.26
2022-05-27,187.8829,269.5053,49.47
2022-05-31,186.4946,268.154,50.06
2022-06-01,182.9788,268.6965,51.7
2022-06-02,195.6835,270.827,55.49
2022-06-03,186.974,266.3293,54.81
2022-06-06,187.6332,265.0767,54.99
2022-06-07,189.0315,268.7754,56.19
2022-06-08,186.2943,266.714,54.27
2022-06-09,180.3002,261.1708,50.19
2022-06-10,169.5709,249.5321,48.75
2022-06-13,156.3142,238.9488,46.88
2022-06-14,158.2023,241.1483,46.42
2022-06-15,165.1054,248.3189,47.21
2022-06-16,155.8546,241.6217,42.91
2022-06-17,158.6418,244.2651,43.12
2022-06-21,165.495,250.2718,45.03
2022-06-22,163.437,249.6702,43.38
2022-06-23,162.0884,255.3219,41.65
2022-06-24,171.0894,264.041,42.7
2022-06-27,168.522,261.2694,43.28
2022-06-28,159.6608,252.9744,41.8
2022-06-29,155.2652,256.7027,41.12
2022-06-30,151.439,253.3196,40.35
2022-07-01,145.0853,256.032,39.13
2022-07-05,149.491,259.2573,38.99
2022-07-06,151.1493,262.5714,39.1
2022-07-07,158.422,264.7315,40.38
2022-07-08,158.2222,264.0016,40.46
2022-07-11,151.3691,260.8946,40.36
2022-07-12,150.6698,250.2028,40.68
2022-07-13,151.489,249.2658,41.1
2022-07-14,153.5669,250.6072,41.05
2022-07-15,157.463,253.2111,42.16
2022-07-18,160.8496,250.7749,42.5
2022-07-19,169.7508,255.9827,43.76
2022-07-20,177.8926,258.6853,45.57
2022-07-21,180.3202,261.2201,51.63
2022-07-22,173.0175,256.8014,50.72
2022-07-25,170.0704,255.2923,52.48
2022-07-26,165.1653,248.457,51.7
2022-07-27,177.7228,265.0668,51.38
2022-07-28,179.6609,272.632,53.13
2022-07-29,181.4491,276.9028,54.01
2022-08-01,184.2263,274.2101,55.24
2022-08-02,185.0755,271.0637,56.16
2022-08-03,188.7418,278.6092,57.25
2022-08-04,191.9586,279.773,59.13
2022-08-05,189.7009,279.0431,59.09
2022-08-08,177.7528,276.4885,61.09
2022-08-09,170.6898,278.4415,58.19
2022-08-10,180.7897,285.2077,63.73
2022-08-11,179.2413,283.097,64.22
2022-08-12,186.9037,287.9201,65.31
2022-08-15,190.1304,289.4588,67.03
2022-08-16,188.602,288.7092,66.12
2022-08-17,183.1674,287.9481,67.61
2022-08-18,187.543,286.8114,71.96
2022-08-19,178.3122,282.8379,69.83
2022-08-22,170.1703,274.5352,67.95
2022-08-23,171.6389,273.2403,67.67
2022-08-24,172.0485,272.5979,70.29
2022-08-25,178.9516,275.6224,74.37
2022-08-26,162.438,264.987,69.82
2022-08-29,157.8526,262.1601,69.26
2022-08-30,154.5259,259.9262,64.6
2022-08-31,150.7897,258.4436,65.08
2022-09-01,139.2312,257.386,63.3
2022-09-02,136.3341,253.0962,64.54
2022-09-06,134.5159,250.3188,61.58
2022-09-07,137.0441,255.1027,63.31
2022-09-08,139.8022,255.5278,64.98
2022-09-09,143.7694,261.399,66.88
2022-09-12,144.9486,263.5637,66.66
2022-09-13,131.2182,249.0733,63.42
2022-09-14,131.1882,249.3007,64.38
2022-09-15,129.1996,242.5398,65.36
2022-09-16,131.8877,241.9073,62.3
2022-09-19,133.7264,241.6898,57.97
2022-09-20,131.6679,239.6438,55.8
2022-09-21,132.5173,236.1843,55.03
2022-09-22,125.5222,238.1908,54.19
2022-09-23,125.0725,235.1662,53.43
2022-09-26,122.1945,234.7016,52.15
2022-09-27,124.0432,233.6737,53.5
2022-09-28,127.271,238.2797,55.65
2022-09-29,122.1146,234.7511,54.45
2022-09-30,121.3051,230.2043,55.07
2022-10-03,125.0325,237.9535,57.07
2022-10-04,131.5779,245.9993,60.27
2022-10-05,131.9976,246.3156,60.47
2022-10-06,131.2082,243.9335,61.45
2022-10-07,120.6756,231.5288,58.93
2022-10-10,116.6184,226.5965,56.25
2022-10-11,115.779,222.801,55.74
2022-10-12,114.9196,223.1371,52.42
2022-10-13,119.5164,231.5288,55.15
2022-10-14,112.1915,225.9145,54.02
2022-10-17,118.7969,234.7807,56.12
2022-10-18,119.5863,235.7395,55.36
2022-10-19,120.4257,233.7429,55.59
2022-10-20,121.8547,233.4167,61.34
2022-10-21,124.5728,239.3176,64.53
2022-10-24,125.9019,244.3882,63.01
2022-10-25,132.5173,247.7587,67.04
2022-10-26,128.8698,228.6426,65.65
2022-10-27,131.6679,224.1255,66.82
2022-10-28,138.2433,233.1399,68.72
2022-10-31,134.8756,229.4432,69.59
2022-11-01,135.3353,225.529,71.86
2022-11-02,132.0976,217.5524,80.84
2022-11-03,134.1162,211.7702,79.7
2022-11-04,141.461,218.8275,76.63
2022-11-07,142.91,225.2325,77.15
2022-11-08,145.9179,226.2209,78.31
2022-11-09,137.6637,221.9114,76.49
2022-11-10,157.3899,240.1676,80.72
2022-11-11,163.1558,244.2498,83.47
2022-11-14,162.8361,238.7542,81.93
2022-11-15,166.5435,239.1693,86.89
2022-11-16,158.9888,239.6054,82.17
2022-11-17,156.6604,239.5559,87.02
2022-11-18,153.9823,239.0999,86.49
2022-11-21,153.0629,239.9226,83.91
2022-11-22,160.2679,242.8764,87.72
2022-11-23,165.0745,245.404,91.22
2022-11-25,162.5862,245.3148,93.87
2022-11-28,158.1593,239.6352,92.5
2022-11-29,156.2807,238.2177,91.49
2022-11-30,169.1549,252.8976,90.23
2022-12-01,171.274,252.4515,90.51
2022-12-02,168.6852,252.7786,86.7
2022-12-05,166.0263,248.001,83.31
2022-12-06,159.7991,242.9657,86.28
2022-12-07,161.1285,242.2222,86.1
2022-12-08,171.6139,245.2256,85.61
2022-12-09,169.9346,243.263,84.02
2022-12-12,175.2722,250.2907,89.16
2022-12-13,180.6398,254.6619,90.01
2022-12-14,176.6616,254.9593,90.04
2022-12-15,169.4448,246.8215,80.58
2022-12-16,165.6365,242.5394,80.73
2022-12-19,162.4679,238.3367,78.29
2022-12-20,160.7787,239.6748,83.31
2022-12-21,164.9368,242.2817,83.87
2022-12-22,153.322,236.0966,82.0
2022-12-23,151.9926,236.6318,82.19
2022-12-27,141.1474,234.8774,82.89
2022-12-28,140.2977,232.4687,80.6
2022-12-29,145.9652,238.8918,81.91
2022-12-30,146.0752,237.7122,82.1
2023-01-02,,,
2023-01-03,143.0865,237.4743,83.86
2023-01-04,147.4246,227.0864,82.25
2023-01-05,142.5867,220.3561,80.25
2023-01-06,148.5241,222.9531,84.39
2023-01-09,156.2107,225.1239,84.77
2023-01-10,159.0194,226.8386,78.37
2023-01-11,159.939,233.6978,75.61
2023-01-12,165.0368,236.4137,80.45
2023-01-13,168.915,237.1274,80.58
2023-01-16,,,
2023-01-17,176.9415,238.2376,84.83
2023-01-18,173.6929,233.7375,78.87
2023-01-19,167.5756,229.8916,70.86
2023-01-20,178.3109,238.1087,71.98
2023-01-23,191.8449,240.448,73.75
2023-01-24,192.5646,239.9127,78.25
2023-01-25,193.1443,238.4953,77.31
2023-01-26,197.9322,245.8203,76.27
2023-01-27,203.5597,245.9789,74.3
2023-01-30,191.535,240.5768,72.13
2023-01-31,195.2833,245.632,72.33
2023-02-01,209.3371,250.5286,79.74
2023-02-02,216.9937,262.2744,81.88
2023-02-03,210.9064,256.0794,84.34
2023-02-06,210.7965,254.5133,83.21
2023-02-07,221.6317,265.2084,81.98
2023-02-08,221.9515,264.3857,85.22
2023-02-09,223.2709,261.3031,87.0
2023-02-10,212.5557,260.7876,90.02
2023-02-13,217.7834,268.9354,90.53
2023-02-14,229.6081,269.7779,92.88
2023-02-15,227.539,267.6216,93.0
2023-02-16,219.9224,260.4968,95.88
2023-02-17,213.7851,256.4326,91.98
2023-02-21,206.4584,251.0766,88.06
2023-02-22,207.448,249.9239,86.71
2023-02-23,236.535,253.1633,94.27
2023-02-24,232.7567,247.6483,98.16
2023-02-27,234.9058,248.5824,101.13
2023-02-28,232.057,247.8471,97.97
2023-03-01,226.8793,244.717,102.0
2023-03-02,233.0366,249.5264,98.37
2023-03-03,238.794,253.6801,97.83
2023-03-06,235.4355,255.2501,98.3
2023-03-07,232.8163,252.5473,98.51
2023-03-08,241.7438,252.1001,102.35
2023-03-09,234.2958,250.7288,98.56
2023-03-10,229.5871,247.0223,92.76
2023-03-13,229.5971,252.3187,89.28
2023-03-14,240.5641,259.1454,92.47
2023-03-15,242.2137,263.7661,91.75
2023-03-16,255.3401,274.4582,97.23
2023-03-17,257.1796,277.6678,95.5
2023-03-20,258.9291,270.5132,98.52
2023-03-21,261.9183,272.0535,108.25
2023-03-22,264.6075,270.5729,112.54
2023-03-23,271.8356,275.909,114.0
2023-03-24,267.7167,278.8006,110.83
2023-03-27,265.2374,274.6371,110.9
2023-03-28,264.0277,273.4943,102.78
2023-03-29,269.7661,278.741,105.65
2023-03-30,273.755,282.2587,103.34
2023-03-31,277.694,286.4819,106.55
2023-04-03,279.5734,285.4186,112.72
2023-04-04,274.4548,285.369,109.46
2023-04-05,268.7364,282.5469,108.03
2023-04-06,270.296,289.7611,100.69
2023-04-10,275.7145,287.565,106.55
2023-04-11,271.6156,281.0464,104.68
2023-04-12,264.8775,281.7022,108.11
2023-04-13,264.5576,288.0122,108.24
2023-04-14,267.5068,284.3355,109.15
2023-04-17,269.9461,286.9787,110.43
2023-04-18,276.5943,286.5515,115.88
2023-04-19,279.2335,286.631,109.82
2023-04-20,270.9658,284.3057,108.01
2023-04-21,271.1158,283.9579,107.32
2023-04-24,270.346,279.9931,98.59
2023-04-25,262.3382,273.6831,93.28
2023-04-26,269.4862,293.5073,94.89
2023-04-27,272.1855,302.9077,98.58
2023-04-28,277.414,305.3223,105.43
2023-05-01,289.0209,303.6331,105.11
2023-05-02,282.0228,303.484,104.43
2023-05-03,277.9439,302.4804,133.95
2023-05-04,275.5446,303.484,136.4
2023-05-05,286.7215,308.691,137.23
2023-05-08,291.4302,306.7036,136.63
2023-05-09,285.6318,305.064,132.25
2023-05-10,288.7709,310.3405,134.28
2023-05-11,285.7018,308.1544,136.43
2023-05-12,283.3224,307.0215,134.5
2023-05-15,289.4507,307.5085,137.84
2023-05-16,292.05,309.7741,145.84
2023-05-17,301.6974,312.7019,154.31
2023-05-18,316.6933,317.2032,164.56
2023-05-19,312.5544,317.024,164.19
2023-05-22,311.6747,319.8522,164.81
2023-05-23,306.796,313.9567,161.91
2023-05-24,305.2964,312.5525,167.62
2023-05-25,379.696,324.5727,206.86
2023-05-26,389.3534,331.5138,219.18
2023-05-30,401.0002,329.8408,234.1
2023-05-31,378.2364,327.0324,223.95
2023-06-01,397.5911,331.2051,231.02
2023-06-02,393.1623,334.0135,221.94
2023-06-05,391.6028,334.5512,223.66
2023-06-06,386.4342,332.3006,233.15
2023-06-07,374.6862,322.0432,239.78
2023-06-08,385.0344,323.9154,254.35
2023-06-09,387.634,325.4391,261.66
2023-06-12,394.7528,330.4781,258.65
2023-06-13,410.1501,332.908,244.24
2023-06-14,429.8968,335.9454,247.77
2023-06-15,426.4574,346.661,243.92
2023-06-16,426.8473,340.9148,230.77
2023-06-20,438.0054,336.6525,222.4
2023-06-21,430.3767,332.1811,219.91
2023-06-22,430.1767,338.3056,226.46
2023-06-23,422.0181,333.635,216.06
2023-06-26,406.2508,327.2416,216.5
2023-06-27,418.6887,333.1869,226.17
2023-06-28,411.1,334.4616,235.94
2023-06-29,408.1505,333.6649,235.93
2023-06-30,422.948,339.1322,249.25
2023-07-03,424.0578,336.5928,249.2
2023-07-05,423.0979,336.7521,255.0
2023-07-06,420.9583,339.8592,250.53
2023-07-07,424.9576,335.8259,260.01
2023-07-10,421.7282,330.4582,269.93
2023-07-11,423.9778,331.0956,270.95
2023-07-12,438.9452,335.806,276.64
2023-07-13,459.6917,341.2434,294.05
2023-07-14,454.6126,343.8128,295.38
2023-07-17,464.5309,344.3008,302.05
2023-07-18,474.8591,358.0039,318.4
2023-07-19,470.6898,353.6121,303.67
2023-07-20,455.1225,345.436,302.95
2023-07-21,443.0146,342.3489,303.15
2023-07-24,446.044,343.6833,309.37
2023-07-25,456.7122,349.5291,321.35
2023-07-26,454.4426,336.3737,317.36
2023-07-27,458.9218,329.3528,327.34
2023-07-28,467.4204,336.9712,334.5
2023-07-31,467.2104,334.5313,330.27
2023-08-01,464.9908,334.9496,337.56
2023-08-02,442.6146,326.1461,319.61
2023-08-03,445.0742,325.3096,321.21
2023-08-04,446.7239,326.425,338.09
2023-08-07,454.0877,328.7453,353.29
2023-08-08,446.5639,324.7021,347.4
2023-08-09,425.4675,320.8979,266.13
2023-08-10,423.8078,321.595,277.12
2023-08-11,408.4804,319.6829,254.43
2023-08-14,437.4555,322.7004,269.46
2023-08-15,439.3252,320.5294,264.22
2023-08-16,434.786,319.751,253.73
2023-08-17,433.3612,316.2381,244.06
2023-08-18,432.9163,315.839,243.55
2023-08-21,469.59,321.228,252.64
2023-08-22,456.6022,321.8068,258.09
2023-08-23,471.0798,326.3376,277.61
2023-08-24,471.5497,319.3219,262.5
2023-08-25,460.1016,322.3258,253.96
2023-08-28,468.2703,323.0443,255.16
2023-08-29,487.7569,327.7448,261.63
2023-08-30,492.5561,328.124,267.92
2023-08-31,493.466,327.0961,275.08
2023-09-01,485.0074,327.9943,282.16
2023-09-05,485.3973,332.8744,280.28
2023-09-06,470.5686,332.2057,274.03
2023-09-07,462.3694,329.2418,267.48
2023-09-08,455.6799,333.5929,280.66
2023-09-11,451.7403,337.2555,277.32
2023-09-12,448.6606,331.098,267.68
2023-09-13,454.81,335.3793,270.96
2023-09-14,455.7699,338.0139,270.77
2023-09-15,438.9614,329.5511,249.26
2023-09-18,439.6214,328.3935,244.3
2023-09-19,435.1617,327.9843,247.74
2023-09-20,422.3529,320.1203,243.07
2023-09-21,410.1339,318.8828,231.54
2023-09-22,416.0634,316.3679,235.75
2023-09-25,422.1829,316.8968,248.86
2023-09-26,419.0732,311.5077,249.21
2023-09-27,424.6427,312.1564,257.54
2023-09-28,430.8521,313.0047,269.38
2023-09-29,434.9518,315.1104,274.22
2023-10-02,447.7806,321.1482,288.86
2023-10-03,435.1318,312.7552,269.97
2023-10-04,440.3713,318.3089,280.4
2023-10-05,446.8407,318.7131,287.6
2023-10-06,457.5798,326.5971,289.67
2023-10-09,452.6902,329.1519,290.0
2023-10-10,457.9397,327.7248,310.31
2023-10-11,468.0189,331.7467,308.86
2023-10-12,469.4087,330.4892,293.21
2023-10-13,454.57,327.0662,285.2
2023-10-16,460.9095,331.9662,291.69
2023-10-17,439.3414,331.3874,298.54
2023-10-18,421.9229,329.4413,285.03
2023-10-19,420.973,330.6489,265.05
2023-10-20,413.8336,326.0083,248.58
2023-10-23,429.7122,328.6529,254.89
2023-10-24,436.5916,329.8605,262.615
2023-10-25,417.7533,339.98,253.99
2023-10-26,403.2246,327.2258,239.46
2023-10-27,404.9644,329.142,241.4
2023-10-30,411.5738,336.6268,236.62
2023-10-31,407.7642,337.4251,239.47
2023-11-01,423.2128,345.369,252.27
2023-11-02,435.0218,347.6145,245.9
2023-11-03,450.0104,352.0854,255.0
2023-11-06,457.4698,355.8078,252.59
2023-11-07,459.5096,359.7997,254.38
2023-11-08,465.6991,362.4643,260.27
2023-11-09,469.4587,359.9594,264.88
2023-11-10,483.3075,368.9212,266.03
2023-11-13,486.1573,365.9373,255.8
2023-11-14,496.5164,369.52,293.87
2023-11-15,488.837,369.67,287.78
2023-11-16,494.7565,376.17,283.67
2023-11-17,492.9367,369.85,288.59
2023-11-20,504.0457,377.44,304.6
2023-11-21,499.3961,373.07,289.85
2023-11-22,487.1172,377.85,286.66
2023-11-24,477.718,377.43,285.67
2023-11-27,482.3776,378.61,290.37
2023-11-28,478.168,382.7,285.61
2023-11-29,481.3577,378.85,287.63
2023-11-30,467.6589,378.91,273.47
2023-12-01,467.6089,374.51,269.63
2023-12-04,455.06,369.14,266.35
2023-12-05,465.66,372.52,262.96
2023-12-06,455.03,368.8,253.42
2023-12-07,465.96,370.95,256.15
2023-12-08,475.06,374.23,272.65
2023-12-11,466.27,371.3,262.26
2023-12-12,476.57,374.38,265.37
2023-12-13,480.88,374.37,273.32
2023-12-14,483.5,365.93,294.4
2023-12-15,488.9,370.73,300.11
2023-12-18,500.77,372.65,322.19
2023-12-19,496.04,373.26,315.94
2023-12-20,481.11,370.62,302.08
2023-12-21,489.9,373.54,304.18
2023-12-22,488.3,374.58,289.72
2023-12-25,,,
2023-12-26,492.79,374.66,294.33
2023-12-27,494.17,374.07,295.0
2023-12-28,495.22,375.28,291.45
2023-12-29,495.22,376.04,284.26
2024-01-02,481.68,370.87,285.45
2024-01-03,475.69,370.6,280.64
2024-01-04,479.98,367.94,288.8
2024-01-05,490.97,367.75,292.13
2024-01-08,522.53,374.69,320.28
2024-01-09,531.4,375.79,343.73
2024-01-10,543.5,382.77,342.38
2024-01-11,548.22,384.63,343.31
2024-01-12,547.1,388.47,339.56
2024-01-16,563.82,390.27,326.31
2024-01-17,560.53,389.47,318.23
2024-01-18,571.07,393.87,311.44
2024-01-19,594.91,398.67,423.36
2024-01-22,596.54,396.51,436.24
2024-01-23,598.73,398.9,457.38
2024-01-24,613.62,402.56,470.19
2024-01-25,616.17,404.87,475.58
2024-01-26,610.31,403.93,474.15
