date,GOOG,MSFT
2016-02-17,35.487500000000004,47.231566024418164
2016-02-18,35.6175,47.39273567733283
2016-02-19,35.154,46.793021304515634
2016-02-22,35.662,47.437466286799626
2016-02-23,35.419999999999995,46.873605803048065
2016-02-24,35.00000000000001,46.09490654205608
2016-02-25,35.299,46.6319
2016-02-26,35.671499999999995,47.15106456140351
2016-02-29,35.5445,46.229186320754714
2016-03-01,35.9405,47.070450456447325
2016-03-02,36.0,47.40165046270066
2016-03-03,35.972500000000004,47.41062901623687
2016-03-04,35.8245,46.9452197770517
2016-03-07,35.404500000000006,46.3633854595336
2016-03-08,35.189499999999995,46.65872183930301
2016-03-09,35.284,47.30325047312642
2016-03-10,35.822,47.383791892411146
2016-03-11,36.346,47.5001
2016-03-14,36.775000000000006,47.96551935301862
2016-03-15,36.61449999999999,47.9655
2016-03-16,36.8735,48.869561729530815
2016-03-17,37.15350000000001,49.22751555067692
2016-03-18,37.1,49.20066778837165
2016-03-21,37.125,48.26967423988118
2016-03-22,37.25,48.55630848899575
2016-03-23,37.286,48.54736275708728
2016-03-24,36.8873,48.62790564471499
2016-03-28,36.94949999999999,48.59208502054538
2016-03-29,37.362500000000004,49.10225699140925
2016-03-30,37.894,49.800377329700275
2016-03-31,37.542500000000004,49.755616621401416
2016-04-01,37.517,49.773501835522765
2016-04-04,37.63999999999999,49.81826058091286
2016-04-05,37.14,49.49603390762463
2016-04-06,37.312,49.40660377358491
2016-04-07,37.35,49.14697065736319
2016-04-08,37.27250000000001,49.47813950753399
2016-04-11,37.25,49.361839440250414
2016-04-12,37.1915,49.03065606587374
2016-04-13,37.718999999999994,49.61911653116531
2016-04-14,37.86549999999999,49.74223509754335
2016-04-15,38.050000000000004,50.05096237196766
2016-04-18,38.402499999999996,50.65065598653914
2016-04-19,38.495,50.8118178577762
2016-04-20,37.9066,50.570091743119264
2016-04-21,38.02250000000001,50.32847097525995
2016-04-22,36.806,46.92701161355736
2016-04-25,36.1965,46.658800940318564
2016-04-26,36.28829999999999,46.85569245723173
2016-04-27,35.449000000000005,46.094926383981154
2016-04-28,35.7085,45.441490100200404
2016-04-29,34.88100000000001,44.97611790655706
2016-05-02,35.032,45.42360650069156
2016-05-03,34.892,45.119279108075524
2016-05-04,34.9875,44.80605895327853
2016-05-05,35.116,45.02081657989587
2016-05-06,35.592999999999996,45.1014
2016-05-09,35.935500000000005,45.27594917116037
2016-05-10,36.175,45.7369037632301
2016-05-11,36.224,46.34548360430951
2016-05-12,35.962500000000006,46.372313686662785
2016-05-13,35.8331,46.44846329287393
2016-05-16,35.924,46.50665614508972
2016-05-17,36.076,46.6245941397743
2016-05-18,35.580000000000005,46.092831253690214
2016-05-19,35.3,45.624192289348166
2016-05-20,35.729,46.16488348478862
2016-05-23,35.5739,45.678249690185886
2016-05-24,36.0485,46.60655677456871
2016-05-25,36.3755,47.3095834420568
2016-05-26,36.416500000000006,46.849286680285225
2016-05-27,36.6968,47.1564
2016-05-31,36.9865,47.7693
2016-06-01,36.8605,47.724230747398295
2016-06-02,36.651,47.53493986280489
2016-06-03,36.47449999999999,47.24652353736242
2016-06-06,36.24550000000001,47.183387396892385
2016-06-07,36.099000000000004,47.525923474088295
2016-06-08,36.42850000000001,47.26452267486549
2016-06-09,36.477000000000004,46.86799690042619
2016-06-10,36.2945,46.91304516317017
2016-06-13,36.272,45.70975114678899
2016-06-14,36.1235,45.155452739313674
2016-06-15,36.149,45.173461622056756
2016-06-16,35.832499999999996,45.48890446517166
2016-06-17,35.441,45.452891980849785
2016-06-20,35.123999999999995,45.81339269023366
2016-06-21,35.13849999999999,46.354213655010746
2016-06-22,35.043,46.381213885075496
2016-06-23,35.097500000000004,46.92199591600848
2016-06-24,34.47,45.91255015051174
2016-06-27,33.614999999999995,44.296176625645266
2016-06-28,34.01650000000001,44.58763919902913
2016-06-29,34.3714,45.71423506133755
2016-06-30,34.616,46.23706996286887
2016-07-01,35.0325,46.61563229085223
2016-07-05,34.847,46.219043814735194
2016-07-06,35.083999999999996,46.45330895289996
2016-07-07,34.910000000000004,46.51640036979369
2016-07-08,35.2855,47.192378355640535
2016-07-11,35.8255,47.61601351968054
2016-07-12,36.147,48.129748167637665
2016-07-13,36.199999999999996,48.54435720426088
2016-07-14,36.1105,48.66152657238556
2016-07-15,36.287,48.670592178770946
2016-07-18,36.8065,48.97699647887325
2016-07-19,36.8495,48.580458843473345
2016-07-20,37.1065,51.23031593632625
2016-07-21,37.084500000000006,50.68046177419355
2016-07-22,37.162,51.03872511490189
2016-07-25,37.130500000000005,51.140113061872036
2016-07-26,37.084500000000006,51.63589284707541
2016-07-27,37.223000000000006,51.19419683217654
2016-07-28,37.4325,50.80660893079522
2016-07-29,38.9275,51.158204587155964
2016-08-01,39.021499999999996,51.14912203958996
2016-08-02,38.792,51.28431795687522
2016-08-03,38.6605,51.47358283307004
2016-08-04,38.7035,51.84253897543126
2016-08-05,39.151999999999994,52.465026518288475
2016-08-08,39.1315,52.35243268170858
2016-08-09,39.447,52.726492268041234
2016-08-10,39.3406,52.56419193381592
2016-08-11,39.4875,52.68139605488851
2016-08-12,39.1698,52.447026630997584
2016-08-15,39.3745,52.72639624913971
2016-08-16,39.049,52.25694627437326
2016-08-17,39.0405,52.31143099374565
2016-08-18,39.143,52.329492361111114
2016-08-19,38.855000000000004,52.3567617146824
2016-08-22,38.727,52.3748539101786
2016-08-23,38.822,52.76480780791156
2016-08-24,38.725,52.63792324417601
2016-08-25,38.594500000000004,52.86463094378545
2016-08-26,38.804,53.23643908323281
2016-08-29,38.749500000000005,53.14576213425129
2016-08-30,38.7233,52.773877042667124
2016-08-31,38.4545,52.420254437869815
2016-09-01,38.551,52.438392707067194
2016-09-02,38.69599999999999,52.77390041616091
2016-09-06,39.099999999999994,52.420215587571604
2016-09-07,39.1365,52.45654651404788
2016-09-08,39.0175,52.41119298276162
2016-09-09,38.6623,52.16627048567871
2016-09-12,38.5145,51.88057318141981
2016-09-13,38.311,51.37723085087564
2016-09-14,38.38399999999999,51.3591622467117
2016-09-15,38.69,52.01210788599406
2016-09-16,38.4875,52.26603112663756
2016-09-19,38.699999999999996,52.37487792025294
2016-09-20,38.666500000000006,52.012139412075335
2016-09-21,38.858,52.46552311288089
2016-09-22,39.4925,52.60164648910412
2016-09-23,39.4465,52.5200239770155
2016-09-26,39.137,51.8216618629174
2016-09-27,39.2995,52.656061742881796
2016-09-28,39.0905,52.65600772014475
2016-09-29,39.29,52.75392777439024
2016-09-30,39.047000000000004,52.39297701388889
2016-10-03,38.803200000000004,52.193500174155346
2016-10-04,38.935500000000005,52.23425783542977
2016-10-05,39.103500000000004,52.5654063759542
2016-10-06,39.024,52.474630897125046
2016-10-07,38.983,52.58344629757785
2016-10-10,39.468999999999994,52.955323587181255
2016-10-11,39.614,52.61974715859416
2016-10-12,39.4065,51.93950775696026
2016-10-13,39.061,51.966731026001405
2016-10-14,39.1975,52.365815813305474
2016-10-17,39.2925,52.11186179657463
2016-10-18,40.0805,52.55177364724246
2016-10-19,40.230000000000004,52.45654677559535
2016-10-20,40.1985,52.16626948471615
2016-10-21,39.974999999999994,54.82357014750252
2016-10-24,40.759,55.3224
2016-10-25,40.833999999999996,55.657840460239385
2016-10-26,40.349,55.503746660069275
2016-10-27,40.174499999999995,55.16815412645591
2016-10-28,40.7745,54.887101252714224
2016-10-31,39.842999999999996,54.796362116154874
2016-11-01,39.4745,54.43362344481606
2016-11-02,39.082499999999996,54.35196205620057
2016-11-03,38.497499999999995,54.0889775375781
2016-11-04,38.518,53.76244660194175
2016-11-07,39.2595,54.88709248593181
2016-11-08,39.7817,55.12284646932363
2016-11-09,39.561400000000006,54.9505079607778
2016-11-10,39.5585,54.85989582623509
2016-11-11,38.039,53.61376477804134
2016-11-14,37.8925,53.58104666207846
2016-11-15,38.220800000000004,54.31739148972313
2016-11-16,38.318,54.47263051131601
2016-11-17,38.635000000000005,55.65044574538259
2016-11-18,38.75,55.82390992543496
2016-11-21,38.485,55.66873563917187
2016-11-22,38.848000000000006,55.93352719240838
2016-11-23,38.4142,55.78743592715232
2016-11-25,38.25000000000001,55.267
2016-11-28,38.976499999999994,55.71435076720014
2016-11-29,38.925,56.07047639548207
2016-11-30,38.6495,55.86050763358779
2016-12-01,37.99250000000001,54.91999814189188
2016-12-02,37.699999999999996,54.299171324894516
2016-12-05,38.195,55.31716342577217
2016-12-06,38.4415,55.203055946622186
2016-12-07,38.568,56.043030503503346
2016-12-08,38.909,56.22563868218325
2016-12-09,39.4715,56.60006102953042
2016-12-12,39.5625,56.88309667041982
2016-12-13,40.219,57.905742775484285
2016-12-14,40.199999999999996,57.93304881940013
2016-12-15,40.15,57.662334459092364
2016-12-16,40.0428,57.47658338683789
2016-12-19,39.882999999999996,58.225257639107205
2016-12-20,39.932500000000005,58.25269342146679
2016-12-21,39.83380000000001,58.16138825936419
2016-12-22,39.66600000000001,58.52657812745869
2016-12-23,39.637,58.015215085388995
2016-12-27,39.893,58.499210698482926
2016-12-28,39.7115,57.887451023972055
2016-12-29,39.296499999999995,57.70481526232115
2016-12-30,39.138999999999996,57.51309349855166
2017-01-03,39.481500000000004,57.37609312879515
2017-01-04,39.567,57.29397311396469
2017-01-05,39.724000000000004,57.21179849117175
2017-01-06,40.394999999999996,57.65914568746021
2017-01-09,40.49830000000001,57.595242337164755
2017-01-10,40.456500000000005,57.58617328329607
2017-01-11,40.4075,57.73222204462731
2017-01-12,40.369499999999995,57.88740999840281
2017-01-13,40.5612,57.39895342105263
2017-01-17,40.357,57.24831872701104
2017-01-18,40.310199999999995,57.24831024
2017-01-19,40.474000000000004,57.50397492776886
2017-01-20,40.3455,57.35784405482945
2017-01-23,41.0435,57.62804467328463
2017-01-24,41.294999999999995,58.193305966624685
2017-01-25,41.7885,58.526581501256274
2017-01-26,41.9,58.92375856542711
2017-01-27,42.09750000000001,60.1791966403162
2017-01-30,40.792,60.069613542146485
2017-01-31,40.0625,59.48532590873936
2017-02-01,40.0595,59.00137332494496
2017-02-02,40.135000000000005,57.896532119677055
2017-02-03,40.3,58.16136102386935
2017-02-06,40.083499999999994,58.11573051539912
2017-02-07,40.525,58.23436771243891
2017-02-08,40.592,58.26183433849069
2017-02-09,40.533,58.832494434904774
2017-02-10,40.7625,58.709215468749996
2017-02-13,41.048,59.2205272249691
2017-02-14,41.15,59.45088790459966
2017-02-15,41.15,59.313143468154344
2017-02-16,41.22,59.92858226906386
2017-02-17,41.4035,59.423401098731034
2017-02-21,41.6725,59.66214948053963
2017-02-22,41.662499999999994,59.14775758234928
2017-02-23,41.623,59.458766703033106
2017-02-24,41.45,59.524445682451244
2017-02-27,41.525,59.285561762416314
2017-02-28,41.42699999999999,58.973289152860275
2017-03-01,41.8128,59.69892931937172
2017-03-02,41.7255,59.478453757225424
2017-03-03,41.568000000000005,59.04675760311284
2017-03-06,41.444,59.303990290960016
2017-03-07,41.670500000000004,59.50147010869565
2017-03-08,41.9075,59.7861656639483
2017-03-09,42.1,59.891835624903436
2017-03-10,42.2455,59.946933436008
2017-03-13,42.434200000000004,59.8872142095503
2017-03-14,42.361999999999995,59.29480220462661
2017-03-15,42.4315,59.634659768339766
2017-03-16,42.5425,59.487630321782184
2017-03-17,42.67,59.92857696932326
2017-03-20,42.511,59.86885361158169
2017-03-21,42.675,60.16737579816228
2017-03-22,41.777499999999996,59.83674454866985
2017-03-23,41.1285,59.92398403730538
2017-03-24,41.0965,60.12143528778086
2017-03-27,41.0815,59.91023041474655
2017-03-28,41.2995,60.13984553530402
2017-03-29,41.638200000000005,60.16745761417443
2017-03-30,41.684,60.60831827727896
2017-03-31,41.582,60.80123351047677
2017-04-03,42.042500000000004,60.571548466819216
2017-04-04,41.758999999999986,60.452186931385974
2017-04-05,42.1225,60.94818296217205
2017-04-06,41.8195,60.67724065875552
2017-04-07,41.424299999999995,60.59000438489645
2017-04-10,41.4675,60.46139020296047
2017-04-11,41.3713,60.268416157605365
2017-04-12,41.333,60.176604231181976
2017-04-13,41.318999999999996,60.49811381062355
2017-04-17,41.8875,60.15818585827733
2017-04-18,41.94649999999999,60.3603478207677
2017-04-19,42.111,60.39709678659286
2017-04-20,42.26000000000001,60.3970465648855
2017-04-21,42.193999999999996,61.26967575301205
2017-04-24,43.1725,62.151516155782616
2017-04-25,43.75,62.50063038869258
2017-04-26,43.8025,62.7486213622291
2017-04-27,43.77,62.812944514428004
2017-04-28,45.8425,63.51103850423606
2017-05-01,45.784,63.887702132257594
2017-05-02,46.0385,64.03462020202019
2017-05-03,46.405,63.731576143601615
2017-05-04,46.796499999999995,63.45591820956257
2017-05-05,46.745,63.41005760869566
2017-05-08,46.8462,63.42834442993908
2017-05-09,46.875,63.6396607184241
2017-05-10,46.6,63.89684651565431
2017-05-11,46.6265,63.134418229623144
2017-05-12,46.672,63.024174744077214
2017-05-15,46.9125,62.90482934385503
2017-05-16,47.1555,64.15221553090332
2017-05-17,46.9666,63.838139448725535
2017-05-18,46.658500000000004,62.94201772264067
2017-05-19,46.887699999999995,62.90965980942532
2017-05-22,47.0942,63.28379254930606
2017-05-23,47.5733,63.514769583576
2017-05-24,47.7545,63.63492371673695
2017-05-25,48.6315,64.5588016087331
2017-05-26,48.749,64.87290157232705
2017-05-30,48.81,65.0484
2017-05-31,48.9635,65.35326649484534
2017-06-01,48.574999999999996,65.23316433666191
2017-06-02,48.794000000000004,66.3879851727982
2017-06-05,49.345499999999994,67.33954952960708
2017-06-06,49.412499999999994,67.09008513513514
2017-06-07,49.199,67.22866351706037
2017-06-08,49.2285,66.99769523280055
2017-06-09,49.225,66.59128020477816
2017-06-12,47.467800000000004,64.61421633705932
2017-06-13,47.99900000000001,65.4271547346072
2017-06-14,48.0575,65.68589739575921
2017-06-15,47.167,64.86359387696709
2017-06-16,47.102,64.692881056
2017-06-19,47.9995,65.54268890927048
2017-06-20,48.081,65.47339801172939
2017-06-21,48.004999999999995,65.24244829941655
2017-06-22,48.036,65.21467096498719
2017-06-23,48.3,65.82445407948322
2017-06-26,48.6655,66.24944566850985
2017-06-27,47.4145,64.83593648316717
2017-06-28,47.1375,64.52267789111748
2017-06-29,46.563,64.19845165717622
2017-06-30,46.302499999999995,64.09683328013926
2017-07-03,45.697,64.30010855214903
2017-07-05,45.725500000000004,64.15228674001158
2017-07-06,45.74719999999999,63.54250882310049
2017-07-07,46.077,64.5217634321912
2017-07-10,46.519,64.90053979708487
2017-07-11,46.57149999999999,65.29785786540934
2017-07-12,47.315,65.8521006324666
2017-07-13,47.7225,66.55414743653338
2017-07-14,47.8455,67.69058715306403
2017-07-17,48.037000000000006,67.85688513974097
2017-07-18,48.402,67.80144661664393
2017-07-19,48.652,68.401993338749
2017-07-20,48.795,68.64220816491512
2017-07-21,48.661500000000004,68.63292573519448
2017-07-24,49.31,68.1340777853261
2017-07-25,47.985,68.65146227254347
2017-07-26,47.75,68.71607097906819
2017-07-27,47.589,68.75305330781849
2017-07-28,47.191500000000005,67.72753985487404
2017-07-31,47.1795,67.84765006877579
2017-08-01,46.872299999999996,67.82923593276385
2017-08-02,46.63,67.03465541101576
2017-08-03,46.611999999999995,66.92381699237698
2017-08-04,46.5154,67.478086406164
2017-08-07,46.58500000000001,67.34882610497237
2017-08-08,46.7907,67.56130974034895
2017-08-09,46.29900000000001,66.9884540499517
2017-08-10,45.963,66.69290487326705
2017-08-11,45.888999999999996,67.16397020689655
2017-08-14,46.233399999999996,68.10630063867372
2017-08-15,46.32749999999999,68.34844621688063
2017-08-16,46.635,68.8221482688391
2017-08-17,46.342999999999996,68.60849701657459
2017-08-18,45.76369999999999,67.65187076838185
2017-08-21,45.65,67.3174952182952
2017-08-22,46.29299999999999,68.023401913614
2017-08-23,46.4965,67.93977255225523
2017-08-24,46.542,67.67049162195626
2017-08-25,46.277699999999996,68.12555005492996
2017-08-28,45.9622,67.88408120280106
2017-08-29,46.1665,67.94906507871322
2017-08-30,46.541,68.92426202053777
2017-08-31,47.099000000000004,69.6208669787348
2017-09-01,47.123999999999995,69.41651866378145
2017-09-05,46.849999999999994,68.6270565140606
2017-09-06,46.545700000000004,68.76641525885559
2017-09-07,46.820499999999996,69.28648103309119
2017-09-08,46.8495,69.13793603676669
2017-09-11,46.919,69.60692308052434
2017-09-12,46.674,69.88091312265665
2017-09-13,46.8625,69.87167548198379
2017-09-14,46.6385,70.1131169720476
2017-09-15,46.3245,70.02030195193201
2017-09-18,46.104000000000006,70.55890635976584
2017-09-19,46.120999999999995,70.31746894220572
2017-09-20,46.693999999999996,70.16885194822525
2017-09-21,46.826499999999996,69.8809369626735
2017-09-22,46.7365,69.20297743582853
2017-09-25,46.32,68.96148648648649
2017-09-26,46.54100000000001,68.55282582582583
2017-09-27,47.495,68.88710742044687
2017-09-28,47.5345,68.70137735210506
2017-09-29,47.98929999999999,69.22619484494562
2017-10-02,48.126999999999995,69.6673094491355
2017-10-03,47.9,69.5465394021007
2017-10-04,48.01950000000001,69.39796320792608
2017-10-05,48.54549999999999,70.69831617743846
2017-10-06,48.973,70.6146632105263
2017-10-09,49.271300000000004,71.09768134748984
2017-10-10,49.078500000000005,71.17198330056362
2017-10-11,49.5355,71.0140509552473
2017-10-12,49.706,71.78489146784231
2017-10-13,49.86050000000001,72.32363413343657
2017-10-16,49.69540000000001,72.26790383773341
2017-10-17,49.822,72.09146322979765
2017-10-18,49.83600000000001,72.30500560494781
2017-10-19,49.443999999999996,72.37937548453344
2017-10-20,49.55,73.345303882756
2017-10-23,49.476,73.68887438792339
2017-10-24,48.61150000000001,73.55888308394623
2017-10-25,48.8045,73.46602378227139
2017-10-26,49.38000000000001,73.7631905027933
2017-10-27,52.41950000000001,80.06026846438373
2017-10-30,51.2485,78.31881642627249
2017-10-31,51.2,78.35135301755228
2017-11-01,51.4835,77.79408877133925
2017-11-02,51.4045,78.44419707317073
2017-11-03,51.63250000000001,78.51850938911339
2017-11-06,51.74349999999999,78.66711791168463
2017-11-07,51.6985,78.85292773228907
2017-11-08,52.176100000000005,78.58353868259223
2017-11-09,51.69950000000001,78.2677793078844
2017-11-10,51.538000000000004,78.10527421604864
2017-11-13,51.57899999999999,77.96128773978315
2017-11-14,51.3405,78.10983866745984
2017-11-15,51.20449999999999,78.11944110629067
2017-11-16,51.796,77.86745651442307
2017-11-17,51.721000000000004,77.58737543689321
2017-11-20,51.1305,77.09270632497274
2017-11-21,51.75549999999999,78.25951266125179
2017-11-22,51.985299999999995,78.3155166646613
2017-11-24,52.15890000000002,77.87678456641846
2017-11-27,52.773,78.39017825205674
2017-11-28,53.11879999999999,79.39821880301602
2017-11-29,52.204,79.2649179798416
2017-11-30,51.4245,78.89420339788522
2017-12-01,51.124500000000005,79.1648909921671
2017-12-04,50.805,78.81012589639862
2017-12-05,51.0305,77.17664733423214
2017-12-06,51.2485,77.60603769026335
2017-12-07,51.711999999999996,77.28866577767003
2017-12-08,52.1025,78.95024424904943
2017-12-11,52.190000000000005,79.68758128593218
2017-12-12,52.5155,80.32231572797382
2017-12-13,52.33320000000001,80.2757352079672
2017-12-14,52.925,80.15799774837643
2017-12-15,53.380999999999986,81.29312514680485
2017-12-18,53.924499999999995,81.67575754758045
2017-12-19,53.84199999999999,80.6023878597227
2017-12-20,53.66900000000001,80.55568147801684
2017-12-21,53.466499999999996,80.36906315789473
2017-12-22,53.21000000000001,79.93031258332357
2017-12-26,53.006,79.8412407466042
2017-12-27,52.9185,80.25702835141757
2017-12-28,52.73749999999999,80.21032196686889
2017-12-29,52.485,80.32235346036941
2018-01-02,53.347,80.56503769633507
2018-01-03,54.3145,80.75175013317893
2018-01-04,54.67849999999999,81.8251909998852
2018-01-05,55.2125,82.52525636693503
2018-01-08,55.5635,82.68393137743543
2018-01-09,55.5285,82.82133975153026
2018-01-10,55.23,82.31987195399682
2018-01-11,55.32619999999999,82.26387188919165
2018-01-12,56.2145,83.80411895089286
2018-01-16,56.9955,84.74689017543861
2018-01-17,56.62999999999999,84.27078131794985
2018-01-18,56.6255,84.63485988901222
2018-01-19,56.893,84.57879704444444
2018-01-22,57.99400000000001,85.52163438489248
2018-01-23,58.581300000000006,86.15637540805223
2018-01-24,58.993,87.21113558048356
2018-01-25,58.797000000000004,87.03382926459439
2018-01-26,58.792,87.7992
2018-01-29,59.34450000000002,89.09666018952299
2018-01-30,58.82599999999999,87.42586355402199
2018-01-31,58.65,89.0500410483107
2018-02-01,58.69999999999999,89.67542343517928
2018-02-02,56.153499999999994,87.71523066027457
2018-02-05,55.50000000000001,87.03381845454545
2018-02-06,54.08550000000001,85.38624852184387
2018-02-07,54.089000000000006,85.66162658185469
2018-02-08,52.93099999999999,83.89277790848135
2018-02-09,52.1985,83.01067881605806
2018-02-12,53.074999999999996,83.80413521822058
2018-02-13,52.918499999999995,84.00948458198822
2018-02-14,53.586,85.33250812685827
2018-02-15,54.574000000000005,86.95496939348155
2018-02-16,55.23350000000001,87.68643423913043
2018-02-20,55.6975,87.27386000862813
2018-02-21,56.6985,87.55465956170073
2018-02-22,56.14099999999999,86.9643229586831
2018-02-23,56.364,88.22097822666383
2018-02-26,57.198,89.51523469922448
2018-02-27,57.20199999999999,89.88092925690022
2018-02-28,56.3765,89.75438827450144
2018-03-01,55.50599999999999,88.68995619816909
2018-03-02,54.0999,87.35818226759807
2018-03-05,54.855,88.4086288551901
2018-03-06,55.0925,88.61485237891128
2018-03-07,55.611,88.09968856232688
2018-03-08,56.37999999999999,89.18694122630518
2018-03-09,58.040000000000006,90.5374
2018-03-12,58.8525,91.16574197581895
2018-03-13,58.83799999999999,91.19394000635526
2018-03-14,57.9295,89.47770407032499
2018-03-15,58.054,88.69932932682097
2018-03-16,57.794000000000004,89.44960230443975
2018-03-19,56.099500000000006,88.06160146409732
2018-03-20,55.260000000000005,87.93970702244175
2018-03-21,55.31499999999999,88.20228260164359
2018-03-22,54.14500000000001,86.0452324869139
2018-03-23,53.16799999999999,84.83545909612295
2018-03-26,52.7815,88.1553209639582
2018-03-27,53.242,89.22351707835028
2018-03-28,51.2115,85.55759436178543
2018-03-29,52.15,86.55167940177496
2018-04-02,51.739999999999995,85.22936249435155
2018-04-03,51.049499999999995,84.45095981495932
2018-04-04,51.4359,86.99246390122387
2018-04-05,52.139500000000005,87.27850883849318
2018-04-06,51.571000000000005,86.71114604898591
2018-04-09,51.97999999999999,87.37697536631046
2018-04-10,51.81399999999999,87.48012919896641
2018-04-11,51.5682,87.48948656651426
2018-04-12,52.03450000000001,88.30543748664245
2018-04-13,52.321000000000005,88.32420571551354
2018-04-16,52.162,88.77433331209515
2018-04-17,53.894,90.53747702716771
2018-04-18,53.871500000000005,90.70629058481958
2018-04-19,54.7082,91.03451039433982
2018-04-20,54.6175,90.13418370526315
2018-04-23,54.135999999999996,90.30295339276353
2018-04-24,52.85,90.47180785008591
2018-04-25,51.6245,87.49884432889178
2018-04-26,52.39900000000001,89.23386250795672
2018-04-27,52.475,91.81287184303905
2018-04-30,51.849999999999994,90.40275386313088
2018-05-01,51.9235,89.36516871578947
2018-05-02,52.0195,89.25258566998183
2018-05-03,51.48369999999999,89.02283857765495
2018-05-04,52.4255,89.44014274905423
2018-05-07,53.084,90.69683312201205
2018-05-08,53.027499999999996,90.18103797098424
2018-05-09,54.272,90.94073470187745
2018-05-10,55.02200000000001,91.85981294045553
2018-05-11,55.06649999999999,91.78472989764585
2018-05-14,55.537499999999994,92.55376325614607
2018-05-15,54.5025,91.76594600287712
2018-05-16,54.4635,91.73987195059188
2018-05-17,54.34349999999999,91.8718620407569
2018-05-18,53.49700000000001,91.29717599626403
2018-05-21,54.400000000000006,92.31447421106557
2018-05-22,54.329499999999996,92.46516509743591
2018-05-23,54.038999999999994,92.99263218122847
2018-05-24,54.023500000000006,93.19038938053097
2018-05-25,54.12799999999999,93.22807053680357
2018-05-29,53.668499999999995,93.13384217936945
2018-05-30,53.46050000000001,93.48236634663971
2018-05-31,54.859500000000004,94.17937108458112
2018-06-01,56.0,94.99883216588947
2018-06-04,57.094500000000004,95.94065862102882
2018-06-05,57.286899999999996,96.3833642724337
2018-06-06,57.15,96.63770767879792
2018-06-07,56.791000000000004,96.72251797184775
2018-06-08,56.33350000000001,96.02550423103415
2018-06-11,56.86299999999999,95.68641961405245
2018-06-12,56.9895,95.55390503513968
2018-06-13,57.325,96.0819900247893
2018-06-14,57.773500000000006,96.10085179451787
2018-06-15,57.671,95.62984256466594
2018-06-18,58.7155,95.23427194130478
2018-06-19,58.5635,95.13066428713068
2018-06-20,59.3143,96.56232700500638
2018-06-21,58.8647,96.50579147716037
2018-06-22,58.124900000000004,94.91407977293098
2018-06-25,57.1955,94.29244805366399
2018-06-26,56.660500000000006,94.26418837303189
2018-06-27,56.59179999999999,94.20758082837808
2018-06-28,56.1155,93.35050617459191
2018-06-29,56.4114,94.10405472061657
2018-07-02,56.4,94.24529439056093
2018-07-03,56.791,94.78218293791014
2018-07-05,56.375,94.11340200481155
2018-07-06,57.0465,95.53570978647689
2018-07-09,57.73350000000001,96.30805522827687
2018-07-10,57.9795,96.55293631022326
2018-07-11,58.21449999999999,96.39277954500884
2018-07-12,59.2205,98.34251533736442
2018-07-13,59.770900000000005,99.46332087641088
2018-07-16,59.550000000000004,99.67061833952911
2018-07-17,60.151999999999994,100.3110382255781
2018-07-18,60.22499999999999,99.88725613584475
2018-07-19,60.0,99.19021801724138
2018-07-20,59.84299999999999,101.9122431542298
2018-07-23,60.3245,101.85572088543114
2018-07-24,63.30000000000001,102.49629048857514
2018-07-25,63.29299999999999,104.69080402418119
2018-07-26,63.4885,104.54960591133003
2018-07-27,63.694500000000005,103.7772200037147
2018-07-30,61.7458,101.2811772895511
2018-07-31,61.3794,100.5183084464555
2018-08-01,61.673500000000004,100.26015331953332
2018-08-02,61.494,101.80868179789906
2018-08-03,61.49999999999999,101.77101888189559
2018-08-06,61.3044,102.11944738740405
2018-08-07,62.558499999999995,102.76001542983101
2018-08-08,62.825,103.37219083934608
2018-08-09,62.7771,103.75832486550561
2018-08-10,62.2848,103.3157027706422
2018-08-13,62.4636,103.21208655392293
2018-08-14,62.2935,103.37215863453815
2018-08-15,61.76199999999999,103.04670436095114
2018-08-16,61.3,102.92852564102564
2018-08-17,60.45099999999999,102.02076389663506
2018-08-20,60.550000000000004,102.0207776738093
2018-08-21,60.863000000000014,101.50075193432723
2018-08-22,60.592,101.49134358303756
2018-08-23,61.06399999999999,102.28551760877649
2018-08-24,61.082499999999996,102.64488206642066
2018-08-27,62.1545,103.66602051094893
2018-08-28,62.1273,104.47912298204244
2018-08-29,62.53300000000001,105.925755124085
2018-08-30,62.68180000000001,106.47413810629745
2018-08-31,61.93300000000001,106.63204401139501
2018-09-04,60.649499999999996,105.85485055948438
2018-09-05,59.9505,105.34905294497189
2018-09-06,59.315,103.05137805775243
2018-09-07,58.763,102.80064979872472
2018-09-10,58.727,103.66603335161821
2018-09-11,58.93400000000001,105.50972934196334
2018-09-12,58.930499999999995,105.75557174827678
2018-09-13,58.9305,107.528392569303
2018-09-14,59.0213,107.53318465202436
2018-09-17,58.862,107.5047998929909
2018-09-18,58.803999999999995,107.50007369048672
2018-09-19,58.6605,107.1455310295434
2018-09-20,59.49450000000001,107.59936796689267
2018-09-21,59.61050000000001,109.00817825135657
2018-09-24,58.900000000000006,108.63936783814424
2018-09-25,59.344,108.82848309305372
2018-09-26,59.7115,108.78592579838568
2018-09-27,60.10499999999999,108.64885631500744
2018-09-28,59.7705,108.32740256186062
2018-10-01,60.49500000000001,109.37688587492431
2018-10-02,60.498000000000005,109.52820383847155
2018-10-03,60.3205,109.84966784752974
2018-10-04,59.875499999999995,108.50592579767708
2018-10-05,58.675000000000004,107.00363284580399
2018-10-08,58.4,105.92580516914751
2018-10-09,57.7175,106.9185200071263
2018-10-10,56.60850000000001,105.42463639788998
2018-10-11,55.32000000000001,102.99464692663584
2018-10-12,55.75,105.17880580450853
2018-10-15,55.67229999999999,103.51476446096655
2018-10-16,56.211000000000006,105.33956017117117
2018-10-17,56.4495,105.71776386053654
2018-10-18,56.09199999999999,104.50749025806452
2018-10-19,55.517999999999994,104.81952773789803
2018-10-22,55.61149999999999,104.5169160813646
2018-10-23,55.3945,103.03249586493989
2018-10-24,55.306,102.57860977326037
2018-10-25,55.54900000000001,103.31614709141274
2018-10-26,55.3265,102.82446709050114
2018-10-29,54.852,102.77723688011557
2018-10-30,51.8745,98.69258305215463
2018-10-31,54.59700000000001,102.24773174796368
2018-11-01,54.198699999999995,101.47241771148036
2018-11-02,54.1488,101.47239442351167
2018-11-05,52.92350000000001,101.86956798437355
2018-11-06,53.21730000000001,102.90957393241739
2018-11-07,54.772999999999996,106.12434355126831
2018-11-08,54.66349999999999,106.09593565995525
2018-11-09,53.77799999999999,105.37736342064434
2018-11-12,53.10599999999999,103.96853302142789
2018-11-13,52.830200000000005,102.8150223863849
2018-11-14,52.728199999999994,102.80337422120606
2018-11-15,53.592499999999994,102.36659060402684
2018-11-16,53.35,103.39216245267338
2018-11-19,53.039500000000004,103.08831450965398
2018-11-20,51.586999999999996,97.77999208534068
2018-11-21,52.428,99.16646872272331
2018-11-23,51.8795,98.57760708741633
2018-11-26,52.4655,101.25553553113552
2018-11-27,52.879,101.92022338995706
2018-11-28,54.342,105.7186153347732
2018-11-29,54.7122,105.51447728015246
2018-11-30,54.778499999999994,105.37676775182614
2018-12-03,56.2325,107.70336486751717
2018-12-04,55.221000000000004,106.96007700138223
2018-12-06,53.56,103.73397985163476
2018-12-07,53.763000000000005,103.93343598549896
2018-12-10,52.4225,102.53754304303374
2018-12-11,53.029999999999994,105.3578502624551
2018-12-12,54.0825,105.66171861936193
2018-12-13,53.98799999999999,105.28182784833258
2018-12-14,53.129999999999995,103.75299922663399
2018-12-17,52.657500000000006,100.4674290990378
2018-12-18,52.474,99.24238237953256
2018-12-19,53.1,101.4929140322114
2018-12-20,51.711000000000006,99.05247183528718
2018-12-21,51.201,97.808477043673
2018-12-24,50.177,93.03205388292787
2018-12-26,52.0,95.6149476431981
2018-12-27,52.1945,96.08969596758253
2018-12-28,52.778,97.24828709034765
2018-12-31,52.63500000000001,97.23876577729646
2019-01-02,52.616,96.62154642998418
2019-01-03,52.849000000000004,95.13542913757699
2019-01-04,53.54199999999999,97.34316613362111
2019-01-07,53.699999999999996,98.06310849294533
2019-01-08,54.228,98.72962881322958
2019-01-09,54.131499999999996,99.5937542917426
2019-01-10,53.55750000000001,98.52073962355213
2019-01-11,53.1888,98.22634225680933
2019-01-14,52.57649999999999,97.68658910573248
2019-01-15,54.0025,99.75518388724883
2019-01-16,54.61879999999999,100.89949794078572
2019-01-17,54.58999999999999,101.25084680079156
2019-01-18,55.4176,102.4615234425773
2019-01-22,54.575500000000005,101.70182759273276
2019-01-23,54.246500000000005,101.64486702277202
2019-01-24,53.9738,101.60687758945386
2019-01-25,54.699999999999996,102.44251380050386
2019-01-28,54.15,101.11313642938714
2019-01-29,53.75750000000001,99.67918161064698
2019-01-30,54.550000000000004,101.0182
2019-01-31,55.8665,99.91658151872066
2019-02-01,56.25,98.85297334150611
2019-02-04,56.64,100.46737582750141
2019-02-05,57.342499999999994,101.86327985450475
2019-02-06,57.349999999999994,101.60690936527398
2019-02-07,55.24199999999999,100.26797111237771
2019-02-08,54.94550000000001,100.44835565439577
2019-02-11,55.2972,101.20806420902612
2019-02-12,56.26480000000001,101.73979919543456
2019-02-13,56.7365,102.34760949349312
2019-02-14,56.4115,101.88224275958841
2019-02-15,56.583499999999994,102.84136776935871
2019-02-19,56.094500000000004,103.183202496071
2019-02-20,56.170500000000004,102.93728573028464
2019-02-21,55.597,104.4058556621881
2019-02-22,55.56200000000001,106.04614003784808
2019-02-25,55.92699999999999,106.9807550676584
2019-02-26,55.9755,107.99161423994303
2019-02-27,55.89900000000001,107.15239397343318
2019-02-28,56.3825,107.6483047040971
2019-03-01,57.148500000000006,107.7817896560917
2019-03-04,57.913999999999994,108.00121659540352
2019-03-05,58.48049999999999,107.18102032229184
2019-03-06,58.37830000000001,107.43852404474273
2019-03-07,57.8377,106.3799369055168
2019-03-08,57.354,105.57893061261423
2019-03-11,58.8095,107.71503828768944
2019-03-12,60.0,108.70685143460658
2019-03-13,60.0465,109.67002620087337
2019-03-14,59.89400000000001,109.86082834453268
2019-03-15,59.82849999999999,111.81579479768786
2019-03-18,59.5,112.15904609169007
2019-03-19,60.00000000000001,112.9505853633659
2019-03-20,61.357,113.24629318413888
2019-03-21,61.589499999999994,115.22029148228248
2019-03-22,61.5,114.0473789747971
2019-03-25,60.31989999999999,112.54057851436343
2019-03-26,60.14150000000001,113.20335396488848
2019-03-27,59.377900000000004,112.73125957009506
2019-03-28,58.5783,112.13047419823825
2019-03-29,58.9495,112.83618802781075
2019-04-01,59.833000000000006,113.58809823096959
2019-04-02,60.067499999999995,113.9424593673966
2019-04-03,60.815,114.84838018671334
2019-04-04,60.7835,114.65767794906166
2019-04-05,60.811,114.65764185503377
2019-04-08,60.434500000000014,114.45742876678061
2019-04-09,60.1145,113.9996497149564
2019-04-10,60.189299999999996,114.77208440802063
2019-04-11,60.39800000000001,115.24889927698828
2019-04-12,60.9175,115.3729095824721
2019-04-15,61.21000000000001,115.94513610904585
2019-04-16,61.54099999999999,116.01181410946428
2019-04-17,62.028000000000006,116.20259222304344
2019-04-18,62.10000000000001,117.79514786414849
2019-04-22,62.4545,118.25297672915319
2019-04-23,63.449999999999996,119.75971138392858
2019-04-24,63.400499999999994,120.01716810655147
2019-04-25,63.3704,125.2813081997677
2019-04-26,63.653499999999994,124.4662239125414
2019-04-29,64.46350000000001,124.14649757262849
2019-04-30,59.6405,124.642365237366
2019-05-01,59.4025,124.59471782139508
2019-05-02,58.709500000000006,122.06753822993424
2019-05-03,59.339999999999996,123.43123579519006
2019-05-06,59.54249999999999,122.60159762777994
2019-05-07,59.52200000000001,121.2855636551944
2019-05-08,59.0212,120.51314166201895
2019-05-09,58.483,119.95995925099604
2019-05-10,58.63,122.00082236293558
2019-05-13,57.397000000000006,119.7311366436968
2019-05-14,57.021,120.04580059328148
2019-05-15,58.5665,121.28465626091096
2019-05-16,59.408,123.84033233537576
2019-05-17,59.007500000000014,124.87406686968065
2019-05-20,57.33990000000001,122.12636598510537
2019-05-21,57.6354,122.06694078368794
2019-05-22,57.925999999999995,122.74909407065091
2019-05-23,57.2986,120.88259008559201
2019-05-24,57.4883,121.95949019328265
2019-05-28,57.579299999999996,122.51941661382372
2019-05-29,56.45499999999999,120.0211321914519
2019-05-30,56.15650000000001,120.3753154855643
2019-05-31,55.47999999999999,119.2793661545925
2019-06-03,53.275,119.04483858477971
2019-06-04,52.8025,118.00146190321534
2019-06-05,52.677499999999995,120.48058730827307
2019-06-06,52.374500000000005,122.49067741355032
2019-06-07,53.54600000000001,126.58740525114153
2019-06-10,54.632999999999996,128.33903010558072
2019-06-11,55.0995,128.49217041635126
2019-06-12,54.04650000000001,126.31944786675793
2019-06-13,54.7085,126.98941390568318
2019-06-14,54.63450000000001,128.06152533786334
2019-06-17,54.959,128.00402063229205
2019-06-18,55.819500000000005,129.4493746078722
2019-06-19,55.35000000000001,130.10982381162944
2019-06-20,56.005999999999986,131.76579986856515
2019-06-21,56.20549999999999,131.83275877199387
2019-06-24,56.10000000000001,132.47405312817534
2019-06-25,55.7175,131.6987804166979
2019-06-26,54.648500000000006,129.9280009706563
2019-06-27,54.355,128.94212248229596
2019-06-28,54.05,128.8367969543147
2019-07-01,55.37899999999999,130.84692673938676
2019-07-02,55.5885,130.74157182603602
2019-07-03,56.338,131.84231108686163
2019-07-05,56.64400000000001,131.44993940609953
2019-07-08,56.29900000000001,131.22980563668224
2019-07-09,56.4012,131.10536335922615
2019-07-10,57.1025,132.64634318462097
2019-07-11,57.653499999999994,133.2589898988439
2019-07-12,57.36699999999998,133.17285205903528
2019-07-15,57.541000000000004,133.56529703383728
2019-07-16,57.929,133.0962498540998
2019-07-17,57.918000000000006,132.02422344609968
2019-07-18,57.380199999999995,130.77033659287497
2019-07-19,57.55700000000001,134.64688992094858
2019-07-22,56.962500000000006,133.23025884562597
2019-07-23,57.345,133.9960279991385
2019-07-24,57.2,134.71394366117113
2019-07-25,57.08500000000001,134.5895169056281
2019-07-26,63.27749999999999,135.60885619782084
2019-07-29,62.36849999999999,135.4509477770687
2019-07-30,61.74349999999999,135.1732532806555
2019-07-31,61.699999999999996,134.474611411169
2019-08-01,61.7055,134.9037601420397
2019-08-02,60.34500000000001,132.3974993133674
2019-08-05,58.76200000000001,128.19526248528854
2019-08-06,58.998000000000005,129.87051059469894
2019-08-07,58.9222,129.84185766558247
2019-08-08,60.2505,133.03881826625388
2019-08-09,60.194,133.4120947498366
2019-08-12,59.248000000000005,131.95716759702484
2019-08-13,60.239,132.85693650793652
2019-08-14,59.115,131.4938884012539
2019-08-15,58.791999999999994,129.2466332585278
2019-08-16,59.136,131.05212217733052
2019-08-19,60.349500000000006,133.05925178816562
2019-08-20,59.803,133.21293664578175
2019-08-21,59.95,133.9654205367822
2019-08-22,59.9006,133.6835256205545
2019-08-23,59.704,132.8672368993178
2019-08-26,58.47349999999999,130.18774068660025
2019-08-27,59.12000000000001,131.3017624281715
2019-08-28,58.821000000000005,130.37987406314548
2019-08-29,59.803000000000004,132.95361838980597
2019-08-30,59.925000000000004,133.66428832148557
2019-09-03,59.3445,131.76282975595413
2019-09-04,59.174,132.23332218992954
2019-09-05,60.651999999999994,134.82027542491966
2019-09-06,60.60069999999999,134.62469985621857
2019-09-09,60.99999999999999,134.21172538539847
2019-09-10,60.5,131.46145059259257
2019-09-11,61.12999999999999,130.86965553923008
2019-09-12,62.09299999999999,132.93443311518323
2019-09-13,62.04400000000001,132.58867375473346
2019-09-16,61.977999999999994,131.28263705714073
2019-09-17,61.74999999999999,132.07014816216613
2019-09-18,61.780499999999996,133.17455555154487
2019-09-19,62.221999999999994,136.72788103778265
2019-09-20,62.16599999999999,136.0364178141136
2019-09-23,61.9545,134.09648136409373
2019-09-24,62.337,135.11452637210655
2019-09-25,62.41499999999999,134.41150141791044
2019-09-26,62.24999999999999,134.6247371219722
2019-09-27,62.20100000000001,134.79757386190377
2019-09-30,61.3,133.69796852837518
2019-10-01,61.56150000000001,134.6918762311228
2019-10-02,59.849,130.9656361381359
2019-10-03,59.453,131.33057381860874
2019-10-04,60.57200000000001,132.77114809585868
2019-10-07,60.910199999999996,132.70399270711786
2019-10-08,60.303999999999995,132.30057333235055
2019-10-09,60.4175,133.20337037037035
2019-10-10,60.74999999999999,134.13481499820276
2019-10-11,61.4195,135.44099967783504
2019-10-14,61.31649999999999,134.73037415263343
2019-10-15,62.366499999999995,136.1708795761964
2019-10-16,62.737,135.4026147995157
2019-10-17,63.1662,135.81554028205312
2019-10-18,62.944500000000005,134.45185939887926
2019-10-21,62.73139999999999,133.01122589034168
2019-10-22,62.53,134.46144795042898
2019-10-23,62.9945,132.00287773243952
2019-10-24,63.199999999999996,134.85517767614692
2019-10-25,63.47999999999999,135.54665178711005
2019-10-28,64.96549999999999,139.89714811013243
2019-10-29,64.07950000000001,138.77351851851853
2019-10-30,63.467999999999996,139.2536442846276
2019-10-31,63.383500000000005,139.18647777777778
2019-11-01,63.730999999999995,138.69665911494573
2019-11-04,64.70650000000002,139.25366655136628
2019-11-05,64.94650000000001,139.27290739304996
2019-11-06,64.68650000000001,138.79267019297515
2019-11-07,66.18700000000001,139.13842950228755
2019-11-08,65.9,140.20441109893122
2019-11-11,65.32130000000001,140.61741478338237
2019-11-12,65.5,141.7217849459441
2019-11-13,65.215,141.61855642013444
2019-11-14,65.85,142.5285295420775
2019-11-15,66.74400000000001,144.04590740148032
2019-11-18,66.7765,144.5836776639617
2019-11-19,66.38499999999999,145.33284814814817
2019-11-20,65.75,145.35513821681593
2019-11-21,65.6295,144.3529641423602
2019-11-22,65.43650000000001,144.83478294003612
2019-11-25,65.5655,145.84663658004365
2019-11-26,65.74,146.8777188581201
2019-11-27,65.918,146.95475479254202
2019-11-29,65.5102,146.76204683577754
2019-12-02,65.29149999999998,146.30919520561685
2019-12-03,64.923,143.99643656821377
2019-12-04,66.29,144.71910427681013
2019-12-05,66.46789999999999,144.85401870206093
2019-12-06,67.2,146.34773658649095
2019-12-09,67.97250000000001,146.67539259381607
2019-12-10,67.4987,146.3669648249851
2019-12-11,67.56000000000002,146.34771847725776
2019-12-12,67.78869999999999,147.8606276168102
2019-12-13,67.6546,149.25790972626675
2019-12-16,68.234,150.2311460168456
2019-12-17,68.25000000000001,150.04811100911502
2019-12-18,68.0235,149.82643819394957
2019-12-19,67.905,150.10591829041167
2019-12-20,68.18200000000002,152.7270293310463
2019-12-23,67.99,152.37048317133602
2019-12-24,67.513,151.97540064811287
2019-12-26,68.0664,152.95821826432217
2019-12-27,68.22649999999999,153.74844643306494
2019-12-30,67.64999999999999,153.2377022272987
2019-12-31,66.89999999999999,152.03315465440713
2020-01-02,68.40700000000001,154.88550015564687
2020-01-03,68.62499999999999,154.12912068780733
2020-01-06,69.825,153.31485468150663
2020-01-07,70.1495,153.86410373778395
2020-01-08,70.579,154.95298294709227
2020-01-09,71.3665,156.3165547627861
2020-01-10,71.74650000000001,157.28503996529068
2020-01-13,72.026,157.3717091376776
2020-01-14,72.08999999999999,157.65114759760687
2020-01-15,72.0697,157.97886511827429
2020-01-16,72.59949999999999,160.19515464885362
2020-01-17,74.06479999999999,161.37803694344706
2020-01-21,74.59249999999999,162.07424794594593
2020-01-22,75.16069999999999,161.39971184067593
2020-01-23,74.776,160.73479102687142
2020-01-24,74.7747,161.43825838584587
2020-01-27,71.90349999999998,157.43438378111904
2020-01-28,72.8,159.72777313247914
2020-01-29,73.2715,162.61388285527255
2020-01-30,72.864,167.72122045375625
2020-01-31,73.5065,166.13119450155673
2020-02-03,74.5,168.1548365638261
2020-02-04,73.475,174.07159182767043
2020-02-05,73.19200000000001,177.50214396887156
2020-02-06,74.1,177.13579480869137
2020-02-07,74.292,178.8801301974006
2020-02-10,75.475,181.97340932697406
2020-02-11,76.48150000000001,183.76577412708738
2020-02-12,76.03479999999999,179.0921474744193
2020-02-13,76.359,179.45826725273528
2020-02-14,76.037,178.66811827893176
2020-02-18,76.5815,180.87480975271058
2020-02-19,76.60530000000001,181.83274326142674
2020-02-20,76.482,180.93404389437157
2020-02-21,75.61070000000001,177.31058681897082
2020-02-24,71.8485,168.66244862192056
2020-02-25,71.90700000000001,168.94264794430893
2020-02-26,70.78500000000001,167.41597491919845
2020-02-27,68.5852,161.39609013781768
2020-02-28,67.057,158.18805897166843
2020-03-02,69.54350000000001,167.0874151050408
2020-03-03,70.50750000000001,169.09727372196218
2020-03-04,69.40449999999998,164.94234054529463
2020-03-05,67.94550000000001,165.1065416431106
2020-03-06,65.311,157.6083563347156
2020-03-09,62.738,152.42910569645466
2020-03-10,64.05749999999999,155.5984897216008
2020-03-11,63.048,152.38081995703965
2020-03-12,59.69349999999999,148.29345005752913
2020-03-13,60.988,156.4488122961657
2020-03-16,57.61330000000001,144.3124428075617
2020-03-17,56.543,142.52463788469674
2020-03-18,55.32500000000001,141.07541168091166
2020-03-19,57.898500000000006,145.0854492327097
2020-03-20,57.19950000000001,142.13833360029122
2020-03-23,53.56600000000001,135.82857948227684
2020-03-24,56.74999999999999,144.5540002696508
2020-03-25,57.445,149.12446128505312
2020-03-26,58.4985,151.37584846582538
2020-03-27,57.5335,149.66554064128258
2020-03-30,57.58150000000001,155.18302003370155
2020-03-31,58.7655,159.2220315135375
2020-04-01,56.48450000000001,152.4290616987706
2020-04-02,56.342999999999996,150.23567942805616
2020-04-03,56.17699999999999,152.07155817460833
2020-04-06,59.733000000000004,160.88401252495916
2020-04-07,61.25,164.2659184047954
2020-04-08,60.953500000000005,161.0482561254769
2020-04-09,61.278499999999994,161.72458172459733
2020-04-13,61.0255,159.98537621895957
2020-04-14,64.1035,167.88941350028787
2020-04-15,64.02300000000001,167.7154964219223
2020-04-16,63.949999999999996,171.30040488025304
2020-04-17,64.7215,173.92857782754757
2020-04-20,64.08,172.72073574774365
2020-04-21,62.71350000000001,167.81198177845312
2020-04-22,64.2806,168.13100968188107
2020-04-23,64.6655,169.15522272780308
2020-04-24,64.02000000000001,168.6720626983672
2020-04-27,64.80749999999999,170.93316960643494
2020-04-28,64.40249999999999,169.74464189977033
2020-04-29,67.9995,171.6868675195852
2020-04-30,67.64099999999999,174.31516165392557
2020-05-01,67.60350000000001,172.6145199747952
2020-05-04,66.38300000000001,172.96230317602325
2020-05-05,68.697,177.45552085638417
2020-05-06,68.556,177.98690796537744
2020-05-07,68.88,178.32515664488017
2020-05-08,69.938,178.76000649772578
2020-05-11,70.8265,181.18532806575988
2020-05-12,70.75000000000001,180.731102164265
2020-05-13,69.2741,177.8419602225313
2020-05-14,67.871,174.59530317952692
2020-05-15,68.72399999999999,180.75045271893427
2020-05-18,69.6162,179.91948839976203
2020-05-19,69.6,180.30602254533576
2020-05-20,70.521,180.08140259075728
2020-05-21,70.7745,180.87603511966415
2020-05-22,70.63799999999999,178.73461329627813
2020-05-26,72.05,180.7112791210002
2020-05-27,71.087,176.33898437027665
2020-05-28,72.042,178.43172458125687
2020-05-29,71.62849999999999,178.55044020190996
2020-06-01,71.898,177.31992342613356
2020-06-02,71.98049999999999,179.2578065004597
2020-06-03,72.32759999999999,180.16859734570562
2020-06-04,71.948,180.07176698010062
2020-06-05,72.2525,181.90304933226497
2020-06-08,72.3995,182.6976025960926
2020-06-09,73.4,184.78086491043203
2020-06-10,73.71300000000001,192.3581546230441
2020-06-11,72.7237,189.6838416492189
2020-06-12,71.85000000000001,185.76926609140298
2020-06-15,71.24000000000001,184.89714676616916
2020-06-16,72.75099999999999,189.5094118096813
2020-06-17,73.0,190.22643904448105
2020-06-18,72.57050000000001,190.39122343622657
2020-06-19,72.39,193.1042998308993
2020-06-22,72.6375,194.5286025826395
2020-06-23,73.7971,197.6196812936457
2020-06-24,73.771,196.94138053477556
2020-06-25,72.14500000000001,194.38331954177897
2020-06-26,71.6725,193.68560092191714
2020-06-29,69.78,192.36790652590204
2020-06-30,70.9325,198.05567549506168
2020-07-01,72.15,199.945186321446
2020-07-02,74.14750000000001,201.5632713953263
2020-07-06,75.3295,204.57675326530614
2020-07-07,75.84,208.00693183193277
2020-07-08,75.29400000000001,206.64065329135926
2020-07-09,76.136,209.6638604143337
2020-07-10,77.19149999999999,207.43517401600602
2020-07-13,78.8566,209.10183145796108
2020-07-14,76.14750000000001,202.36758068154546
2020-07-15,76.7665,204.7705825370121
2020-07-16,75.93450000000001,199.31535121616318
2020-07-17,76.17200000000001,198.67575567823343
2020-07-20,78.5145,205.71047287334594
2020-07-21,79.3495,207.2995073724551
2020-07-22,78.5,205.7104285714286
2020-07-23,78.59349999999999,204.37329479608968
2020-07-24,75.88180000000001,196.56347955290607
2020-07-27,77.0485,197.6389753200883
2020-07-28,76.324,198.34631546381544
2020-07-29,76.5626,198.29788704302658
2020-07-30,76.8935,198.11381830308977
2020-07-31,75.44749999999999,198.73390649236623
2020-08-03,74.5235,210.8847575320957
2020-08-04,74.278,208.10376233766237
2020-08-05,74.1205,208.3266600920447
2020-08-06,75.1195,209.6546637088052
2020-08-07,75.8422,209.0049554310994
2020-08-10,75.20380000000002,205.30352968067228
2020-08-11,75.5,201.20476371816304
2020-08-12,75.61930000000001,203.7531677422439
2020-08-13,76.8625,204.7899471490177
2020-08-14,76.095,203.08458324557205
2020-08-17,76.28049999999999,204.6324355605859
2020-08-18,78.12350000000002,205.76859622677196
2020-08-19,78.684,206.0134278969957
2020-08-20,79.29350000000001,208.83024746015474
2020-08-21,79.886,210.04441073608112
2020-08-24,80.7085,209.3352850203566
2020-08-25,80.58099999999999,210.3940825102786
2020-08-26,82.961,215.7168254216595
2020-08-27,82.75,224.51675604642952
2020-08-28,82.35849999999999,224.0253403887991
2020-08-31,82.3982,222.13713239923734
2020-09-01,83.28649999999999,220.9229345932151
2020-09-02,86.659,226.177676943665
2020-09-03,85.4857,222.72955224114125
2020-09-04,82.2555,212.09376073661613
2020-09-08,78.1933,204.00290798381528
2020-09-09,78.45,208.6747300171802
2020-09-10,79.204,208.57771380435312
2020-09-11,78.76,202.6429949027104
2020-09-14,78.2,203.19663930675233
2020-09-15,77.9785,203.76000328575535
2020-09-16,78.1,204.60510007315287
2020-09-17,75.41489999999999,198.4664510176926
2020-09-18,75.1501,197.8059492739159
2020-09-21,72.41799999999999,196.8929215858596
2020-09-22,73.476,202.1282864718928
2020-09-23,73.04799999999999,202.12829044319255
2020-09-24,72.18540000000002,199.6708016487032
2020-09-25,72.5,203.04129030892116
2020-09-28,73.84,206.46997987967916
2020-09-29,73.8332,204.0417633310817
2020-09-30,74.48750000000001,205.89695104835255
2020-10-01,74.952,207.8491940553516
2020-10-02,74.16000000000001,204.93535752946312
2020-10-05,74.4105,204.37193910067498
2020-10-06,74.338,204.14856586858338
2020-10-07,73.44800000000001,204.0805649621122
2020-10-08,74.49999999999999,205.12959516098394
2020-10-09,75.826,209.6655651730689
2020-10-12,79.69299999999998,217.43600666666669
2020-10-13,79.5,218.74726324598402
2020-10-14,79.3842,217.78567989676716
2020-10-15,78.7552,214.03641236456343
2020-10-16,79.0565,215.91102788400258
2020-10-19,79.40750000000001,215.92073093081876
2020-10-20,78.875,211.1322455672024
2020-10-21,80.9365,210.69516350093105
2020-10-22,81.09949999999999,209.85496852808416
2020-10-23,82.11799999999998,210.0734651620959
2020-10-26,81.91199999999999,210.13166160919647
2020-10-27,80.3422,208.50975116060962
2020-10-28,78.06750000000001,202.8470297611999
2020-10-29,79.68549999999999,201.40944056271982
2020-10-30,84.35,198.42757219341138
2020-11-02,83.0385,199.38914478327482
2020-11-03,83.085,202.14770306641478
2020-11-04,88.56830000000001,212.05501607283145
2020-11-05,89.68200000000002,217.6884816874916
2020-11-06,88.62150000000001,217.92163418558917
2020-11-09,90.903,221.5737843307844
2020-11-10,88.14999999999999,210.2871548741766
2020-11-11,88.211,211.783042401293
2020-11-12,88.4135,212.82228340141108
2020-11-13,89.05199999999999,211.1807860976398
2020-11-16,89.95349999999999,211.49156464576717
2020-11-17,89.24999999999999,211.43329654014735
2020-11-18,88.6735,209.5425318125829
2020-11-19,88.47949999999999,207.45844615384615
2020-11-20,88.69999999999999,207.706784721232
2020-11-23,87.69500000000001,206.737885493313
2020-11-24,88.58,208.64660011222293
2020-11-25,88.92699999999999,209.65936169168185
2020-11-27,90.19999999999999,210.61380044603447
2020-11-30,89.4033,209.1432540197132
2020-12-01,91.2415,211.63626934924375
2020-12-02,91.7825,209.8346846403863
2020-12-03,92.36,210.71664323076922
2020-12-04,91.658,209.74702325993655
2020-12-07,91.6185,209.90280773717856
2020-12-08,91.095,211.27601578630617
2020-12-09,91.7135,209.59612444523134
2020-12-10,89.0655,207.50714624738745
2020-12-11,89.2225,207.74093078870862
2020-12-14,89.86950000000002,210.55533127450985
2020-12-15,88.571,209.7859616774856
2020-12-16,88.65,214.35329236592483
2020-12-17,88.58919999999999,215.11295436149848
2020-12-18,87.7555,213.94433111761745
2020-12-21,87.0425,218.14162361292063
2020-12-22,86.8702,219.72900069661517
2020-12-23,87.39949999999999,217.7119982650891
2020-12-24,87.3,217.76180795959596
2020-12-28,89.53640000000001,220.11851571390469
2020-12-29,89.62200000000001,221.2384549899621
2020-12-30,88.2548,219.72899381540958
2020-12-31,87.9465,217.16773086952614
2021-01-04,88.03250000000001,217.1677238274611
2021-01-05,87.38350000000001,212.80488468104636
2021-01-06,87.39999999999999,210.82791138332158
2021-01-07,89.41999999999999,213.60343857254114
2021-01-08,90.49199999999999,214.81099234131685
2021-01-11,89.7158,213.1846615384615
2021-01-12,88.902,211.4220466198297
2021-01-13,88.25169999999999,211.09091542941667
2021-01-14,88.75049999999999,211.7726788470566
2021-01-15,87.8,208.89975398071948
2021-01-19,90.46380000000002,211.30517701903528
2021-01-20,95.18549999999999,219.88477727110634
2021-01-21,96.743,220.38141556652
2021-01-22,95.5475,224.05284727594602
2021-01-25,96.479,223.77046163900144
2021-01-26,96.24999999999999,228.05531556837258
2021-01-27,94.5,234.15160099613567
2021-01-28,94.94150000000002,236.29406982798304
2021-01-29,92.864,231.7949088980859
2021-02-01,96.1196,236.15776236177757
2021-02-02,97.78800000000001,235.97266932069644
2021-02-03,105.825,238.6800391893004
2021-02-04,103.92750000000001,236.87833385372508
2021-02-05,105.12550000000002,236.91735412056153
2021-02-08,106.17739999999999,237.3068539613148
2021-02-09,105.25649999999999,238.3586077860278
2021-02-10,105.4185,239.48832405897372
2021-02-11,105.10150000000002,238.73843860689598
2021-02-12,105.441,238.8844923466264
2021-02-16,107.63399999999999,239.69284707427164
2021-02-17,106.68299999999999,238.46836981981983
2021-02-18,106.6367,238.09745249600067
2021-02-19,106.52650000000001,238.02909761381085
2021-02-22,104.571,232.24092538058082
2021-02-23,104.10050000000001,229.21509963561536
2021-02-24,105.039,229.57625819654655
2021-02-25,104.744,228.97611512485258
2021-02-26,103.55050000000001,229.74210660125658
2021-03-01,104.326,231.79192733181395
2021-03-02,105.21849999999999,231.62598623166718
2021-03-03,104.4259,227.99486047684127
2021-03-04,104.46199999999999,226.93097368235348
2021-03-05,105.90550000000002,227.69236926165803
2021-03-08,106.44049999999999,227.78513498834604
2021-03-09,103.90200000000002,229.75574992634103
2021-03-10,103.74999999999999,231.33318948455383
2021-03-11,106.285,233.45132255303
2021-03-12,104.513,230.18142626511136
2021-03-15,103.35300000000001,229.5615334419318
2021-03-16,106.178,234.3151295317824
2021-03-17,105.48900000000002,232.84609479412757
2021-03-18,103.775,228.5903295206311
2021-03-19,102.655,226.91541394747122
2021-03-22,102.8995,231.23554120937325
2021-03-23,103.6151,235.28632993097062
2021-03-24,103.9105,232.3092669667884
2021-03-25,102.9435,231.27461101833518
2021-03-26,102.5495,231.05010054127203
2021-03-29,102.92150000000001,231.13799965992177
2021-03-30,103.53900000000002,228.25847856372653
2021-03-31,104.6664,233.38297773253592
2021-04-01,107.147,237.03348367237467
2021-04-05,111.86549999999998,243.9833196129602
2021-04-06,111.883,243.43667755991288
2021-04-07,112.75,244.9300719127651
2021-04-08,114.2002,248.0623433342547
2021-04-09,114.45199999999998,249.86915253077976
2021-04-12,113.76600000000002,251.5089170802235
2021-04-13,113.8605,252.99256244729003
2021-04-14,113.89949999999999,252.64122978598533
2021-04-15,115.3298,253.71491844315995
2021-04-16,115.32199999999999,254.75928319398636
2021-04-19,115.92249999999999,255.22788525933373
2021-04-20,115.48,253.97841307209788
2021-04-21,114.76600000000002,254.44700894926706
2021-04-22,115.1881,255.5206719368511
2021-04-23,116.29100000000001,255.25709211947157
2021-04-26,117.06300000000003,256.1600391779774
2021-04-27,116.8725,256.8969288811696
2021-04-28,122.61890000000004,250.40585926567408
2021-04-29,121.82600000000001,249.9764604570116
2021-04-30,121.35699999999999,247.0286803711635
2021-05-03,120.98499999999999,248.2683628404669
2021-05-04,118.96300000000002,245.20342585253644
2021-05-05,119.11000000000001,243.53425021300768
2021-05-06,119.1355,243.88569161894847
2021-05-07,120.8205,248.2195042779054
2021-05-10,118.9,245.71100717695606
2021-05-11,116.1,240.70365308857575
2021-05-12,114.26849999999999,238.53665947280336
2021-05-13,113.83,239.72754968522403
2021-05-14,116.057,243.2219721458795
2021-05-17,116.16700000000002,240.6938860592218
2021-05-18,117.15750000000001,240.51817754648673
2021-05-19,115.83800000000001,237.96241775255018
2021-05-20,118.01700000000001,242.58016431353457
2021-05-21,118.44999999999999,242.95196448178817
2021-05-24,120.924,245.72067040433845
2021-05-25,121.6445,247.27629369934849
2021-05-26,122.1472,247.4620974591435
2021-05-27,122.0,246.03370436805582
2021-05-28,121.407,246.62072338993912
2021-06-01,121.89860000000002,245.84785492724333
2021-06-02,122.1,243.8716363162151
2021-06-03,120.4873,241.005056196329
2021-06-04,122.69289999999998,246.20007518242355
2021-06-07,123.39999999999999,248.58723610968835
2021-06-08,124.7247,250.46560003563368
2021-06-09,125.24999999999999,249.99608617453367
2021-06-10,126.16300000000001,251.88423549992226
2021-06-11,126.34949999999999,252.88877515731517
2021-06-14,126.4115,254.32030058871058
2021-06-15,126.862,254.35939910589875
2021-06-16,126.5235,254.93669857797812
2021-06-17,127.19649999999997,256.08129158681487
2021-06-18,126.389,256.61944524534556
2021-06-21,127.03679999999999,257.8130255340212
2021-06-22,127.27000000000001,260.0338360928026
2021-06-23,127.79600000000002,261.05132372066726
2021-06-24,127.53550000000001,262.04917790318353
2021-06-25,127.505,261.4622052109275
2021-06-28,127.33699999999999,263.07650178624584
2021-06-29,127.0,265.7668857590272
2021-06-30,125.79999999999998,265.48304224939096
2021-07-01,126.46249999999999,265.95280235640644
2021-07-02,128.84799999999998,271.9794201332613
2021-07-06,129.88449999999997,273.3195713701649
2021-07-07,130.63989999999998,274.61554334369305
2021-07-08,130.0325,272.6936297310936
2021-07-09,129.8495,272.0283177484349
2021-07-12,130.76999999999998,273.7110405199769
2021-07-13,132.042,276.72215177852513
2021-07-14,132.996,277.5167945276274
2021-07-15,132.59500000000003,276.3917479913177
2021-07-16,132.183,277.94735027604634
2021-07-19,131.24699999999999,274.2981337605141
2021-07-20,132.00129999999996,274.8850661463554
2021-07-21,132.61720000000003,275.42320119402984
2021-07-22,133.50449999999998,280.21703607325094
2021-07-23,138.8085,283.70976985190043
2021-07-26,139.71300000000002,283.4162396436602
2021-07-27,140.011,283.30377203008305
2021-07-28,139.676,283.8662889036405
2021-07-29,137.15150000000003,282.3674306994765
2021-07-30,135.7713,280.4519008388614
2021-08-02,136.02049999999997,280.5643608858226
2021-08-03,136.3355,281.0095177521594
2021-08-04,136.538,281.3600474340511
2021-08-05,136.95,283.3575177431611
2021-08-06,137.07999999999998,283.23033372486697
2021-08-09,138.32150000000001,285.2359651614469
2021-08-10,138.55150000000003,282.98574413489735
2021-08-11,138.8477,282.40856698379514
2021-08-12,138.418,283.6901348883751
2021-08-13,138.674,286.556717158955
2021-08-16,138.9905,288.43513549898165
2021-08-17,138.71849999999998,287.07522009007783
2021-08-18,138.29399999999998,288.98728347263784
2021-08-19,137.452,291.5848511945278
2021-08-20,138.61450000000002,299.7893199632014
2021-08-23,142.17700000000002,299.3579619891679
2021-08-24,143.00750000000002,299.6030548212279
2021-08-25,143.31300000000002,298.56405784245555
2021-08-26,143.13479999999998,296.44574118559626
2021-08-27,145.01099999999997,294.9176486320565
2021-08-30,146.48950000000002,298.2013361309662
2021-08-31,146.112,298.475765867232
2021-09-01,146.82049999999998,299.15212581254355
2021-09-02,146.325,297.35857378190275
2021-09-03,145.377,296.6134156206416
2021-09-07,145.82399999999998,295.13329674528615
2021-09-08,145.55100000000002,294.6627864728024
2021-09-09,145.6695,296.1624561412952
2021-09-10,146.01899999999998,293.9864097392716
2021-09-13,144.191,292.6337350617866
2021-09-14,144.72750000000002,295.42734584208944
2021-09-15,145.5815,299.27960809658157
2021-09-16,145.20000000000002,299.2698194613721
2021-09-17,144.2495,298.4758005135559
2021-09-20,139.3625,292.81015518858305
2021-09-21,140.8116,291.6534920556309
2021-09-22,141.58350000000002,294.2804542769108
2021-09-23,142.2525,294.9469894178128
2021-09-24,142.9035,293.8687972607316
2021-09-27,142.5,290.6046972634871
2021-09-28,139.6065,285.0272696882055
2021-09-29,137.39849999999996,281.09659886619716
2021-09-30,135.59,282.13557667068665
2021-10-01,137.071,284.2430902455897
2021-10-04,135.7,282.0572030306241
2021-10-05,137.362,284.65279396592325
2021-10-06,137.852,287.8209124765446
2021-10-07,140.1544,290.7712867152789
2021-10-08,140.31700000000004,290.77216890971675
2021-10-11,140.7637,292.0750084287802
2021-10-12,139.695,289.59505329145037
2021-10-13,138.55,291.39860951031005
2021-10-14,141.65150000000003,297.2701123303055
2021-10-15,142.20000000000002,298.4268519115085
2021-10-18,142.99869999999999,302.1123987959256
2021-10-19,144.107,303.1808311974824
2021-10-20,144.24779999999998,303.57289463582833
2021-10-21,142.84949999999998,304.8668562234522
2021-10-22,141.5585,304.93541701384396
2021-10-25,139.20579999999998,303.27887450102224
2021-10-26,140.8395,306.214593679662
2021-10-27,149.118,319.64588715985394
2021-10-28,147.42449999999997,318.4428123847695
2021-10-29,148.61300000000003,325.43178216030395
2021-11-01,148.3995,324.9318582809606
2021-11-02,146.92049999999998,326.85306916218894
2021-11-03,146.91049999999998,328.2743945508982
2021-11-04,149.95,329.88192160860785
2021-11-05,150.57080000000002,332.087389769684
2021-11-08,151.03449999999998,330.9699425798985
2021-11-09,150.37850000000003,332.0187986069356
2021-11-10,148.7,328.010021891324
2021-11-11,148.5022,327.1712988183377
2021-11-12,149.8595,330.55831026372056
2021-11-15,150.477,331.1953910078257
2021-11-16,149.8325,333.9302507849548
2021-11-17,149.62600000000003,336.0337686069828
2021-11-18,151.61,336.2891712720134
2021-11-19,151.84999999999997,338.89149902363675
2021-11-22,150.7445,343.37927381631994
2021-11-23,147.69400000000002,333.34315698294245
2021-11-24,147.0,332.0763023526975
2021-11-26,145.29700000000003,331.8504785761951
2021-11-29,146.86199999999997,332.93062238659655
2021-11-30,146.6285,331.70314785686196
2021-12-01,146.4991,333.1761875181774
2021-12-02,144.67499999999998,327.49033787671857
2021-12-03,145.21300000000002,326.71457239713936
2021-12-06,144.35150000000002,321.5590320518716
2021-12-07,148.29999999999998,329.7587683028783
2021-12-08,149.1565,329.4641649998507
2021-12-09,149.605,330.4353295397778
2021-12-10,149.4,336.8292243241665
2021-12-13,148.5625,337.6050213906895
2021-12-14,145.442,328.6196598647743
2021-12-15,147.5172,329.1597851636038
2021-12-16,148.5515,330.7015331609726
2021-12-17,144.4601,319.0745507226683
2021-12-20,142.6105,316.99260692069646
2021-12-21,144.692,321.83398419444535
2021-12-22,147.303,327.6032137680072
2021-12-23,148.57260000000002,330.33811584750066
2021-12-27,148.4265,336.318560280333
2021-12-28,148.37449999999998,337.62464400586083
2021-12-29,147.1837,338.10582199151924
2021-12-30,147.06249999999997,336.9568554815513
2021-12-31,146.36499999999998,333.24979851629405
2022-01-03,145.55,331.9192310679612
2022-01-04,146.61,329.16953794717483
2022-01-05,144.298,320.2037700455149
2022-01-06,139.68599999999998,312.96638514718995
2022-01-07,138.2547,310.80594287351926
2022-01-10,138.64000000000001,309.0580042383938
2022-01-11,140.32950000000002,310.91397521429934
2022-01-12,142.8143,317.59162780343735
2022-01-13,143.18550000000002,315.107212992126
2022-01-14,141.2005,305.2281457962605
2022-01-18,137.3915,304.22656851148196
2022-01-19,138.3995,308.2618716512379
2022-01-20,137.91199999999998,306.04260409681694
2022-01-21,134.7605,298.638937516468
2022-01-24,130.77850000000004,291.76478689138577
2022-01-25,129.3385,289.68296128461986
2022-01-26,132.8075,302.94989046543765
2022-01-27,132.61,301.7714901614195
2022-01-28,133.3705,302.9302420554078
2022-01-31,135.8435,306.76011323557776
2022-02-01,138.2,305.04155744267393
2022-02-02,152.1,309.4508357812799
2022-02-03,149.11769999999996,305.630752760166
2022-02-04,144.53519999999997,303.24454729685556
2022-02-07,143.84649999999996,302.3017441036717
2022-02-08,139.8371,300.06379146572107
2022-02-09,142.1755,306.31824689438
2022-02-10,141.43099999999998,303.5587433031285
2022-02-11,139.28320000000002,298.8156884117408
2022-02-14,136.1665,291.42113670508473
2022-02-15,137.89999999999998,295.38846314107894
2022-02-16,137.94600000000003,296.06813489148584
2022-02-17,136.8395,292.0630217727789
2022-02-18,133.824,289.1699564338555
2022-02-22,131.9008,286.8870329487001
2022-02-23,131.749,287.04447757519534
2022-02-24,133.037,290.44920271563876
2022-02-25,135.389,292.8797927651274
2022-02-28,135.64049999999997,294.36571398641183
2022-03-01,136.111,295.18248083403967
2022-03-02,135.61549999999997,296.6585713381525
2022-03-03,136.7138,298.2920279906731
2022-03-04,134.199,290.94123131166765
2022-03-07,131.904,285.06655133914165
2022-03-08,131.24649999999997,279.42796340039877
2022-03-09,134.1985,284.97794384748704
2022-03-10,133.53849999999997,282.0258804579993
2022-03-11,134.2,284.88943817974075
2022-03-14,131.02599999999998,280.8442105975981
2022-03-15,130.5172,283.2264068326659
2022-03-16,133.771,289.868627178233
2022-03-17,134.7395,290.8920756147957
2022-03-18,136.9135,296.1960027294212
2022-03-21,137.58249999999998,295.3497591790346
2022-03-22,141.5,300.1321975925804
2022-03-23,140.02499999999998,298.39040910547936
2022-03-24,141.3965,299.3449039789543
2022-03-25,141.95950000000002,300.6242529965753
2022-03-28,141.97650000000002,305.8396039909881
2022-03-29,144.1625,310.7794563266859
2022-03-30,143.4805,310.90744363729044
2022-03-31,142.6445,310.1103938114236
2022-04-01,140.95,305.1802682696658
2022-04-04,144.0437,310.08086560942314
2022-04-05,143.59,309.8396986924215
2022-04-06,139.84849999999997,302.10030050083475
2022-04-07,137.7015,298.80371093672227
2022-04-08,136.25000000000003,296.31406517830084
2022-04-11,132.93920000000003,287.93989270139525
2022-04-12,132.42350000000002,286.09878247075085
2022-04-13,130.6557,283.9742784507336
2022-04-14,130.71030000000002,283.7036386002216
2022-04-18,128.712,277.9519375944674
2022-04-19,130.90370000000001,281.60271476340694
2022-04-20,131.9235,285.07639366531635
2022-04-21,130.3075,288.6189608276059
2022-04-22,125.452,278.6801474291136
2022-04-25,123.278,276.6234755877743
2022-04-26,122.75,273.91728753338015
2022-04-27,117.5,286.3261097591978
2022-04-28,120.43849999999999,286.3359539757622
2022-04-29,118.95999999999998,285.25353525511673
2022-05-02,117.3395,280.3922987028509
2022-05-03,119.29999999999998,279.5952940733906
2022-05-04,123.14300000000001,286.23753594040966
2022-05-05,121.23330000000003,281.7798601946998
2022-05-06,117.4985,274.79316064863684
2022-05-09,115.5629,268.01313110590377
2022-05-10,116.69100000000002,269.3809703153989
2022-05-11,116.671,267.0290714872385
2022-05-12,114.85650000000001,255.732300951635
2022-05-13,118.08500000000001,258.84185661764707
2022-05-16,116.6075,261.5774518087954
2022-05-17,117.22749999999998,264.04740010119184
2022-05-18,115.69559999999998,259.9970793450882
2022-05-19,113.58750000000002,254.14808248400098
2022-05-20,112.54999999999998,255.0062651251188
2022-05-23,112.0055,257.9257820832534
2022-05-24,106.39500000000001,257.75812762884215
2022-05-25,106.54469999999999,260.96364331860434
2022-05-26,108.95530000000001,263.4590613614141
2022-05-27,112.86800000000001,269.60393317962223
2022-05-31,116.43350000000001,271.01436193769075
2022-06-01,117.399,273.894468412745
2022-06-02,117.898,270.8960432296598
2022-06-03,116.36449999999998,269.7124179134879
2022-06-06,119.39849999999997,270.4324822548837
2022-06-07,117.74860000000001,269.39678899816516
2022-06-08,118.64599999999999,269.2685995340409
2022-06-09,118.35,268.98067390566104
2022-06-10,113.49699999999999,257.01835889956124
2022-06-13,109.21849999999998,245.62054718467763
2022-06-14,108.45750000000001,242.38121494539655
2022-06-15,112.06300000000002,251.81051465681605
2022-06-16,109.2905,244.03564843686982
2022-06-17,109.2495,247.07614597213808
2022-06-21,112.673,251.26799499487666
2022-06-22,113.76950000000001,253.654980974203
2022-06-23,113.19649999999999,255.82492931700534
2022-06-24,118.63749999999999,264.31717288008963
2022-06-27,119.25,264.6327910453396
2022-06-28,117.8565,263.2618414847162
2022-06-29,113.66449999999999,258.38932728425425
2022-06-30,111.3298,255.98269590001166
2022-07-01,109.80640000000001,256.21940303567294
2022-07-05,114.05260000000001,259.38552312725886
2022-07-06,116.35199999999999,264.3270706810413
2022-07-07,119.862,265.37754743852463
2022-07-08,120.43499999999999,264.43558604199353
2022-07-11,118.7945,262.88699004952554
2022-07-12,117.8495,262.3050917806599
2022-07-13,115.157,250.0844554843305
2022-07-14,111.98749999999998,251.6501473129723
2022-07-15,114.0005,256.81111244114203
2022-07-18,114.8,257.2748275948869
2022-07-19,114.81,256.1701030478173
2022-07-20,116.33,261.24976326304954
2022-07-21,115.21,261.2694165873735
2022-07-22,113.18,261.7034700491627
2022-07-25,110.58,257.9258063207511
2022-07-26,107.74,256.32792838427946
2022-07-27,114.4,266.35889461933465
2022-07-28,114.7,274.0424546145219
2022-07-29,116.9,278.14557811498184
2022-08-01,117.12,277.4354049422683
2022-08-02,117.08,274.09173856706207
2022-08-03,119.42,279.6251219598541
2022-08-04,119.5,279.9209497620307
2022-08-05,118.86,279.7729854547382
2022-08-08,120.86,282.011957477169
2022-08-09,118.2,279.21083889479274
2022-08-10,121.78,285.8488156626089
2022-08-11,122.34,287.22973092467424
2022-08-12,122.65,287.9201
2022-08-15,123.26,290.1590955940982
2022-08-16,123.228,290.02102137952244
2022-08-17,122.15,289.95460364890846
2022-08-18,121.69,288.5312602060861
2022-08-19,120.00000000000001,285.90201843438757
2022-08-22,116.5,279.1906843996399
2022-08-23,115.93000000000002,275.63228931413687
2022-08-24,115.717,274.0212328837158
2022-08-25,117.78,275.7904323041061
2022-08-26,116.60000000000001,277.0952127270693
2022-08-29,111.96,264.3049833729216
2022-08-30,111.37,263.9589752062973
2022-08-31,111.77,264.0183194859831
2022-09-01,111.22,257.87032849462366
2022-09-02,111.675,261.6757322033898
2022-09-06,108.88,254.84578955182627
2022-09-07,110.99,255.83413476306717
2022-09-08,110.58,257.41569299860754
2022-09-09,112.0,262.1600876124934
2022-09-12,112.64,264.3544405212826
2022-09-13,109.37,257.38595706178813
2022-09-14,106.10000000000001,251.28743541749265
2022-09-15,106.20999999999998,248.49012030320324
2022-09-16,104.03,242.46081837868758
2022-09-19,104.02,242.30262380173397
2022-09-20,103.17,240.69153119406062
2022-09-21,103.49,244.7934870809793
2022-09-22,101.68,241.03746571499713
2022-09-23,100.11,238.33904592299933
2022-09-26,100.44,238.65530141082334
2022-09-27,100.46,239.00131407300876
2022-09-28,101.4,239.52511594557598
2022-09-29,99.3,237.17274292631578
2022-09-30,99.494,237.75587085444394
2022-10-03,99.96999999999998,238.81342998670766
2022-10-04,102.72,247.46216951141113
2022-10-05,102.74000000000001,247.67962699839487
2022-10-06,103.73,247.44241010575797
2022-10-07,101.42,238.52685286885244
2022-10-10,99.99000000000001,231.84404991712105
2022-10-11,100.12,226.4087532052704
2022-10-12,99.64800000000001,225.22267821040975
2022-10-13,100.53,233.36727151639343
2022-10-14,101.29,234.49403211410572
2022-10-17,101.77,236.19414841072705
2022-10-18,104.22,241.10665088050314
2022-10-19,101.65900000000002,236.8366723147835
2022-10-20,103.0,238.51697597713317
2022-10-21,101.62,240.18741450520403
2022-10-24,103.09999999999998,244.97137103336706
2022-10-25,105.1,248.1343016356818
2022-10-26,98.54,235.54181039252984
2022-10-27,95.17,230.9851735170893
2022-10-28,96.86,233.8614505447916
2022-10-31,96.35000000000001,232.20090700900357
2022-11-01,96.165,233.01137949774292
2022-11-02,91.3,228.6227629259428
2022-11-03,86.55,217.85890213302216
2022-11-04,86.73,219.02518508062695
2022-11-07,88.94,225.7662497257208
2022-11-08,90.405,228.968722353301
2022-11-09,89.49,225.98638164349026
2022-11-10,94.55,240.51354888468188
2022-11-11,97.36000000000001,245.11961434988464
2022-11-14,97.18,241.08688438004552
2022-11-15,100.42,244.14107988593628
2022-11-16,99.84999999999998,241.65720647002857
2022-11-17,99.48,241.11210143578288
2022-11-18,99.16,241.5977515380151
2022-11-21,98.71999999999998,242.51957257591403
2022-11-22,97.548,243.15393904419867
2022-11-23,99.069,246.09784764520555
2022-11-25,98.94,246.51416525920237
2022-11-28,97.83000000000001,244.4822223692919
2022-11-29,96.39000000000001,240.65607865435024
2022-11-30,101.45,253.08593010895984
2022-12-01,102.59,253.868931563862
2022-12-02,101.15,253.8094593208376
2022-12-05,101.75,251.58819272182254
2022-12-06,100.20999999999998,249.64646378100522
2022-12-07,97.31,243.99646745508858
2022-12-08,95.87,246.55382273241713
2022-12-09,94.49,246.12759974737187
2022-12-12,93.875,250.32043633123442
2022-12-13,99.80000000000001,261.5954201249416
2022-12-14,97.22000000000001,260.2801207853199
2022-12-15,94.03,251.96588610899158
2022-12-16,91.75000000000001,247.6441362376885
2022-12-19,91.2,243.05486465793308
2022-12-20,89.78,240.7750441191067
2022-12-21,90.915,243.4562850120689
2022-12-22,89.18,239.863202628154
2022-12-23,90.1,236.77056953880953
2022-12-27,89.5,236.8300860145172
2022-12-28,88.52,237.61308473969217
2022-12-29,89.365,239.7938021492884
2022-12-30,88.83,237.85096952714537
2023-01-03,91.55,243.59007106185823
2023-01-04,91.24,230.82326481012657
2023-01-05,88.21,225.55004522963432
2023-01-06,88.47,223.77590428715598
2023-01-09,90.83,229.20432024806271
2023-01-10,89.475,229.27697865850996
2023-01-11,92.44999999999999,233.8762179666624
2023-01-12,92.62,237.79148308247036
2023-01-13,92.98,237.26616953559338
2023-01-17,92.97,238.79267824422715
2023-01-18,93.588,240.2497572197956
2023-01-19,94.39999999999999,233.45004799724057
2023-01-20,99.42,238.62412970610276
2023-01-23,101.4,243.01028081457665
2023-01-24,101.09,241.80591292761528
2023-01-25,97.72000000000001,241.16165782802045
2023-01-26,99.21000000000001,246.127575375
2023-01-27,101.58,247.63422222356547
2023-01-30,99.409,243.4413995303036
2023-01-31,99.91000000000001,245.77076954118073
2023-02-01,102.19,252.93724291988133
2023-02-02,108.81999999999998,262.3636089795918
2023-02-03,108.01999999999998,261.87798521385713
2023-02-06,104.69999999999999,256.02985313704875
2023-02-07,108.67000000000002,266.4127212961578
2023-02-08,103.58,274.32754595283615
2023-02-09,100.61,271.57204816781734
2023-02-10,97.02,261.76889883694406
2023-02-13,95.35,272.18657246056324
2023-02-14,95.17499999999998,272.55329082191275
2023-02-15,97.34,269.02270818357346
2023-02-16,97.87999999999998,265.0578540225062
2023-02-17,95.75,258.44979824071913
2023-02-21,93.41499999999999,253.87881637709268
2023-02-22,92.36,252.7360531430162
2023-02-23,92.13000000000001,255.2202456019154
2023-02-24,90.13,249.41707447235376
2023-02-27,90.45,251.22562507195394
2023-02-28,91.45,249.9040461029589
2023-03-01,91.2,249.3476136354408
2023-03-02,92.48,249.8145711441201
2023-03-03,94.11,254.0080189666654
2023-03-06,96.3,258.479604515903
2023-03-07,96.08999999999999,256.06497634074367
2023-03-08,96.24,252.93649201486005
2023-03-09,95.92000000000002,257.92314254914396
2023-03-10,93.18,251.1958132547568
2023-03-13,93.08,256.28353779536866
2023-03-14,94.82999999999998,259.4236342574485
2023-03-15,97.25,264.79954162145873
2023-03-16,101.97,274.8159297320782
2023-03-17,103.49,281.5432050030419
2023-03-20,102.58,275.73009123167907
2023-03-21,105.96,273.26580648696034
2023-03-22,107.50999999999999,279.26772123838555
2023-03-23,107.101,279.2875586688756
2023-03-24,106.15999999999998,278.86022161314463
2023-03-27,105.4,279.6839715796729
2023-03-28,103.0,274.3985612106238
2023-03-29,102.82,279.3668282478343
2023-03-30,101.61,282.66611442351694
2023-03-31,104.19,287.445782910163
2023-04-03,104.95,286.45204129791455
2023-04-04,106.1,288.6182795219027
2023-04-05,106.54,285.3391796265035
2023-04-06,109.63,290.23807300411517
2023-04-10,107.97,287.7736756626007
2023-04-11,107.22,284.1765352756073
2023-04-12,107.587,285.2000014885886
2023-04-13,108.26499999999999,288.0718216257245
2023-04-14,109.58000000000001,286.66074313273225
2023-04-17,106.71,289.761041966759
2023-04-18,107.05,289.9151537347851
2023-04-19,105.725,287.2272163286531
2023-04-20,106.888,287.2072855580021
2023-04-21,106.64,284.4646837660974
2023-04-24,107.32000000000001,283.153046261135
2023-04-25,107.44,279.8241266429453
2023-04-26,107.02,297.68081342384124
2023-04-27,109.15,303.27536672899646
2023-04-28,108.29,306.98176833626246
2023-05-01,108.68,306.6539293755727
2023-05-02,107.73,307.23022533643297
2023-05-03,108.13,306.6638509986859
2023-05-04,106.3,305.821763853181
2023-05-05,106.44,310.00267590535975
2023-05-08,108.42,308.24382543333877
2023-05-09,110.595,308.0848291856678
2023-05-10,113.50999999999999,311.0261486984087
2023-05-11,118.44,309.15803078907487
2023-05-12,118.26,308.6909051849694
2023-05-15,118.795,307.9506937649454
2023-05-16,121.2,311.73167675306337
2023-05-17,122.28,313.1301223471338
2023-05-18,123.9,317.72105025744065
2023-05-19,126.479,317.4323050826161
2023-05-22,127.05,321.2563708761442
2023-05-23,125.42,321.38586000126884
2023-05-24,122.75,315.1915445276406
2023-05-25,125.98,325.54864884020617
2023-05-26,126.0,332.02169160984107
2023-05-30,126.38,334.35207328281155
2023-05-31,124.9,334.5511874783033
2023-06-01,125.04,332.1511726592098
2023-06-02,126.745,336.10481887298755
2023-06-05,127.99,337.16026914591896
2023-06-06,128.88,333.9836137077439
2023-06-07,129.55,333.1072730781125
2023-06-08,123.73,325.28969518539014
2023-06-09,124.285,328.6258716882401
2023-06-12,124.75,330.726966889227
2023-06-13,125.86,335.5868791767627
2023-06-14,124.79,337.63837201636335
2023-06-15,126.16,348.3938070669347
2023-06-16,126.7,350.01701503227883
2023-06-20,125.175,340.6658399645022
2023-06-21,123.41000000000001,336.33386168305555
2023-06-22,123.935,338.71390501309946
2023-06-23,123.44,336.5628458002507
2023-06-26,122.72,334.7205544004869
2023-06-27,119.89500000000001,334.7603683384643
2023-06-28,121.27,336.5827946047342
2023-06-29,120.91,334.72051794955973
2023-06-30,122.03,341.31314649086744
2023-07-03,121.02000000000001,339.4907704961685
2023-07-05,123.37,340.2376311252403
2023-07-06,121.15,341.57208957130723
2023-07-07,121.75,340.3770071792895
2023-07-10,119.07,333.844144248561
2023-07-11,118.225,331.48398777634065
2023-07-12,120.96,340.23959523131674
2023-07-13,125.335,342.318935142707
2023-07-14,127.09,349.97721093731894
2023-07-17,127.28,345.5555913342782
2023-07-18,124.99,365.26376378202445
2023-07-19,125.47,360.9615910949645
2023-07-20,124.69999999999999,356.49011133854185
2023-07-21,121.3,348.8519058382058
2023-07-24,123.35,345.4858173799658
2023-07-25,123.69,350.4353381930594
2023-07-26,131.37,343.2451762412293
2023-07-27,133.6,339.918938147073
2023-07-28,134.07,338.60442034459317
2023-07-31,133.83,336.29896211449153
2023-08-01,132.92,337.140505393352
2023-08-02,130.42,332.2507582992366
2023-08-03,129.77,328.51628864262534
2023-08-04,131.93,333.7545747147477
2023-08-07,132.06,329.74116592348
2023-08-08,131.94,327.3909381229872
2023-08-09,132.47,325.7577260621295
2023-08-10,132.647,326.9029656581922
2023-08-11,130.44,321.0771122052273
2023-08-14,131.91,322.72031731884954
2023-08-15,131.99,323.7460468713105
2023-08-16,130.898,323.7628571161049
2023-08-17,132.491,321.2179918170916
2023-08-18,129.83,317.735151731547
2023-08-21,129.26,322.1161972163539
2023-08-22,130.95,325.4144771754637
2023-08-23,134.07,328.53314348623854
2023-08-24,134.97,332.30554821389507
2023-08-25,131.4,324.70097928045084
2023-08-28,133.24,325.48933717948717
2023-08-29,137.295,328.3171383660668
2023-08-30,137.25,329.1419338787676
2023-08-31,138.4,330.23961966496825
2023-09-01,138.58,331.31755509340957
2023-09-05,137.37,334.1717668715335
2023-09-06,137.48,333.78249946527274
2023-09-07,136.58,332.4053794792519
2023-09-08,137.515,335.4790716008018
2023-09-11,138.264,337.73452775640646
2023-09-12,137.64,336.1078319920427
2023-09-13,137.7,336.16769983038745
2023-09-14,139.55,340.16952451727195
2023-09-15,139.36,336.71406111758824
2023-09-18,139.93,329.7307858749164
2023-09-19,139.175,328.722801086262
2023-09-20,138.84,328.9224356298905
2023-09-21,133.19,324.6909119385347
2023-09-22,133.01,320.798906832592
2023-09-25,132.22,317.0265366756944
2023-09-26,131.405,315.24012390593964
2023-09-27,131.72,313.6623433089293
2023-09-28,134.18,314.84097294987885
2023-09-29,134.89,318.8228645700713
2023-10-02,135.36,321.23602175761334
2023-10-03,135.24,320.738995271068
2023-10-04,136.57,319.3917021398003
2023-10-05,136.5,319.33184411948895
2023-10-06,139.186,328.5231905793559
2023-10-09,139.97,329.63092768782974
2023-10-10,140.74,330.42931051493656
2023-10-11,142.22,332.1458898201071
2023-10-12,142.38,332.954096953376
2023-10-13,141.34,333.15384476855945
2023-10-16,140.905,335.4591103535354
2023-10-17,141.25,332.7845642474252
2023-10-18,141.99,334.9101992275302
2023-10-19,141.005,336.1976380296994
2023-10-20,139.04,331.24766564422816
2023-10-23,139.02,332.05100252793636
2023-10-24,140.71,331.1678465494811
2023-10-25,130.1,345.49879942466316
2023-10-26,125.46,340.93796716581784
2023-10-27,124.44,336.0380044267912
2023-10-30,126.55,338.76246556579997
2023-10-31,126.56,338.3132971518145
2023-11-01,127.74,346.7162654376283
2023-11-02,130.09,348.12346702744605
2023-11-03,130.73,353.67217943877546
2023-11-06,131.56,356.8157541076488
2023-11-07,133.28,361.7257905361551
2023-11-08,133.54,363.132942844163
2023-11-09,133.96,364.05109519532016
2023-11-10,134.27,369.35032899613174
2023-11-13,134.11,367.7236744054762
2023-11-14,137.24,371.19659707780806
2023-11-15,136.84,373.13
2023-11-16,138.88,376.35
2023-11-17,138.0,374.37
2023-11-20,138.425,378.86999999999995
2023-11-21,138.965,376.22
2023-11-22,141.1,379.79
2023-11-24,139.677,377.97
2023-11-27,139.63,380.64
2023-11-28,138.66,383.0
2023-11-29,139.67,384.3
2023-11-30,136.96,380.09
2023-12-01,133.5,378.16
2023-12-04,131.45,369.52000000000004
2023-12-05,133.54,373.08000000000004
2023-12-06,133.31,374.18
2023-12-07,140.0,371.45000000000005
2023-12-08,137.99,374.4599999999999
2023-12-11,134.79,371.6
2023-12-12,134.54,374.42
2023-12-13,134.78,377.64
2023-12-14,135.035,373.76
2023-12-15,134.83,372.3999999999999
2023-12-18,138.38,373.0
2023-12-19,138.77,373.26
2023-12-20,143.078,376.03
2023-12-21,142.03,374.41
2023-12-22,143.25,375.18
2023-12-26,143.945,376.94
2023-12-27,143.32,375.06
2023-12-28,142.27,376.46
2023-12-29,141.435,377.15999999999997
2024-01-02,140.615,375.9
2024-01-03,141.09,373.26000000000005
2024-01-04,140.635,373.1000000000001
2024-01-05,138.81,372.06
2024-01-08,140.64,375.2
2024-01-09,142.8,375.99
2024-01-10,144.525,384.1700000000001
2024-01-11,146.66,390.68
2024-01-12,144.74,388.67999999999995
2024-01-16,145.84,394.03000000000003
2024-01-17,143.41,390.11
2024-01-18,145.585,393.99
2024-01-19,148.04,398.6700000000001
2024-01-22,150.015,400.62
2024-01-23,148.86,399.38000000000005
2024-01-24,151.57,405.63
2024-01-25,154.76,407.01000000000005
2024-01-26,154.11,406.16999999999996
