date,close,bull_simple,bear_simple
2015-01-02,2058.2,0,0
2015-01-05,2020.58,0,0
2015-01-06,2002.61,0,0
2015-01-07,2025.9,0,0
2015-01-08,2062.1399,0,0
2015-01-09,2044.8101,0,0
2015-01-12,2028.26,0,0
2015-01-13,2023.03,0,0
2015-01-14,2011.27,0,0
2015-01-15,1992.67,0,0
2015-01-16,2019.42,0,0
2015-01-20,2022.55,0,0
2015-01-21,2032.12,0,0
2015-01-22,2063.1499,0,0
2015-01-23,2051.8201,0,0
2015-01-26,2057.0901,0,0
2015-01-27,2029.55,0,0
2015-01-28,2002.16,0,0
2015-01-29,2021.25,0,0
2015-01-30,1994.99,0,0
2015-02-02,2020.85,0,0
2015-02-03,2050.03,0,0
2015-02-04,2041.51,0,0
2015-02-05,2062.52,0,0
2015-02-06,2055.47,0,0
2015-02-09,2046.74,0,0
2015-02-10,2068.5901,0,0
2015-02-11,2068.53,0,0
2015-02-12,2088.48,0,0
2015-02-13,2096.99,0,0
2015-02-17,2100.3401,0,0
2015-02-18,2099.6799,0,0
2015-02-19,2097.45,0,0
2015-02-20,2110.3,0,0
2015-02-23,2109.6599,0,0
2015-02-24,2115.48,0,0
2015-02-25,2113.8601,0,0
2015-02-26,2110.74,0,0
2015-02-27,2104.5,0,0
2015-03-02,2117.3899,0,0
2015-03-03,2107.78,0,0
2015-03-04,2098.53,0,0
2015-03-05,2101.04,0,0
2015-03-06,2071.26,0,0
2015-03-09,2079.4299,0,0
2015-03-10,2044.16,0,0
2015-03-11,2040.24,0,0
2015-03-12,2065.95,0,0
2015-03-13,2053.3999,0,0
2015-03-16,2081.1899,0,0
2015-03-17,2074.28,0,0
2015-03-18,2099.5,0,0
2015-03-19,2089.27,0,0
2015-03-20,2108.1001,0,0
2015-03-23,2104.4199,0,0
2015-03-24,2091.5,0,0
2015-03-25,2061.05,0,0
2015-03-26,2056.1499,0,0
2015-03-27,2061.02,0,0
2015-03-30,2086.24,0,0
2015-03-31,2067.8899,0,0
2015-04-01,2059.6899,0,0
2015-04-02,2066.96,0,0
2015-04-06,2080.6201,0,0
2015-04-07,2076.3301,0,0
2015-04-08,2081.8999,0,0
2015-04-09,2091.1799,0,0
2015-04-10,2102.0601,0,0
2015-04-13,2092.4299,0,0
2015-04-14,2095.8401,0,0
2015-04-15,2106.6299,0,0
2015-04-16,2104.99,0,0
2015-04-17,2081.1799,0,0
2015-04-20,2100.3999,0,0
2015-04-21,2097.29,0,0
2015-04-22,2107.96,0,0
2015-04-23,2112.9299,0,0
2015-04-24,2117.6899,0,0
2015-04-27,2108.9199,0,0
2015-04-28,2114.76,0,0
2015-04-29,2106.8501,0,0
2015-04-30,2085.51,0,0
2015-05-01,2108.29,0,0
2015-05-04,2114.49,0,0
2015-05-05,2089.46,0,0
2015-05-06,2080.1499,0,0
2015-05-07,2088.0,0,0
2015-05-08,2116.1001,0,0
2015-05-11,2105.3301,0,0
2015-05-12,2099.1201,0,0
2015-05-13,2098.48,0,0
2015-05-14,2121.1001,0,0
2015-05-15,2122.73,0,0
2015-05-18,2129.2,0,0
2015-05-19,2127.8301,0,0
2015-05-20,2125.8501,0,0
2015-05-21,2130.8201,0,0
2015-05-22,2126.0601,0,0
2015-05-26,2104.2,0,0
2015-05-27,2123.48,0,0
2015-05-28,2120.79,0,0
2015-05-29,2107.3899,0,0
2015-06-01,2111.73,0,0
2015-06-02,2109.6001,0,0
2015-06-03,2114.0701,0,0
2015-06-04,2095.8401,0,0
2015-06-05,2092.8301,0,0
2015-06-08,2079.28,0,0
2015-06-09,2080.1499,0,0
2015-06-10,2105.2,0,0
2015-06-11,2108.8601,0,0
2015-06-12,2094.1101,0,0
2015-06-15,2084.4299,0,0
2015-06-16,2096.29,0,0
2015-06-17,2100.4399,0,0
2015-06-18,2121.24,0,0
2015-06-19,2109.99,0,0
2015-06-22,2122.8501,0,0
2015-06-23,2124.2,0,0
2015-06-24,2108.5801,0,0
2015-06-25,2102.3101,0,0
2015-06-26,2101.49,0,0
2015-06-29,2057.6399,0,0
2015-06-30,2063.1101,0,0
2015-07-01,2077.4199,0,0
2015-07-02,2076.78,0,0
2015-07-06,2068.76,0,0
2015-07-07,2081.3401,0,0
2015-07-08,2046.6801,0,0
2015-07-09,2051.3101,0,0
2015-07-10,2076.6201,0,0
2015-07-13,2099.6001,0,0
2015-07-14,2108.95,0,0
2015-07-15,2107.3999,0,0
2015-07-16,2124.29,0,0
2015-07-17,2126.6399,0,0
2015-07-20,2128.28,0,0
2015-07-21,2119.21,0,0
2015-07-22,2114.1499,0,0
2015-07-23,2102.1499,0,0
2015-07-24,2079.6499,0,0
2015-07-27,2067.6399,0,0
2015-07-28,2093.25,0,0
2015-07-29,2108.5701,0,0
2015-07-30,2108.6299,0,0
2015-07-31,2103.8401,0,0
2015-08-03,2098.04,0,0
2015-08-04,2093.3201,0,0
2015-08-05,2099.8401,0,0
2015-08-06,2083.5601,0,0
2015-08-07,2077.5701,0,0
2015-08-10,2104.1799,0,0
2015-08-11,2084.0701,0,0
2015-08-12,2086.05,0,0
2015-08-13,2083.3899,0,0
2015-08-14,2091.54,0,0
2015-08-17,2102.4399,0,0
2015-08-18,2096.9199,0,0
2015-08-19,2079.6101,0,0
2015-08-20,2035.73,0,0
2015-08-21,1970.89,0,0
2015-08-24,1893.21,0,0
2015-08-25,1867.61,0,0
2015-08-26,1940.51,0,0
2015-08-27,1987.66,0,0
2015-08-28,1988.87,0,0
2015-08-31,1972.1801,0,0
2015-09-01,1913.85,0,0
2015-09-02,1948.86,0,0
2015-09-03,1951.13,0,0
2015-09-04,1921.22,0,0
2015-09-08,1969.41,0,0
2015-09-09,1942.04,0,0
2015-09-10,1952.29,0,0
2015-09-11,1961.05,0,0
2015-09-14,1953.03,0,0
2015-09-15,1978.09,0,0
2015-09-16,1995.3101,0,0
2015-09-17,1990.2,0,0
2015-09-18,1958.03,0,0
2015-09-21,1966.97,0,0
2015-09-22,1942.74,0,0
2015-09-23,1938.76,0,0
2015-09-24,1932.24,0,0
2015-09-25,1931.34,0,0
2015-09-28,1881.77,0,0
2015-09-29,1884.09,0,0
2015-09-30,1920.03,0,0
2015-10-01,1923.8199,0,0
2015-10-02,1951.36,0,0
2015-10-05,1987.05,0,0
2015-10-06,1979.92,0,0
2015-10-07,1995.83,0,0
2015-10-08,2013.4301,0,0
2015-10-09,2014.89,0,0
2015-10-12,2017.46,0,0
2015-10-13,2003.6899,0,0
2015-10-14,1994.24,0,0
2015-10-15,2023.86,0,0
2015-10-16,2033.11,0,0
2015-10-19,2033.66,0,0
2015-10-20,2030.77,0,0
2015-10-21,2018.9399,0,0
2015-10-22,2052.51,0,0
2015-10-23,2075.1499,0,0
2015-10-26,2071.1799,0,0
2015-10-27,2065.8899,0,0
2015-10-28,2090.3501,0,0
2015-10-29,2089.4099,0,0
2015-10-30,2079.3601,0,0
2015-11-02,2104.05,0,0
2015-11-03,2109.79,0,0
2015-11-04,2102.3101,0,0
2015-11-05,2099.9299,0,0
2015-11-06,2099.2,0,0
2015-11-09,2078.5801,0,0
2015-11-10,2081.72,0,0
2015-11-11,2075.0,0,0
2015-11-12,2045.97,0,0
2015-11-13,2023.04,0,0
2015-11-16,2053.1899,0,0
2015-11-17,2050.4399,0,0
2015-11-18,2083.5801,0,0
2015-11-19,2081.24,0,0
2015-11-20,2089.1699,0,0
2015-11-23,2086.5901,0,0
2015-11-24,2089.1399,0,0
2015-11-25,2088.8701,0,0
2015-11-27,2090.1101,0,0
2015-11-30,2080.4099,0,0
2015-12-01,2102.6299,0,0
2015-12-02,2079.51,0,0
2015-12-03,2049.6201,0,0
2015-12-04,2091.6899,0,0
2015-12-07,2077.0701,0,0
2015-12-08,2063.5901,0,0
2015-12-09,2047.62,0,0
2015-12-10,2052.23,0,0
2015-12-11,2012.37,0,0
2015-12-14,2021.9399,0,1
2015-12-15,2043.41,0,1
2015-12-16,2073.0701,0,0
2015-12-17,2041.89,0,1
2015-12-18,2005.55,0,1
2015-12-21,2021.15,0,1
2015-12-22,2038.97,0,1
2015-12-23,2064.29,0,0
2015-12-24,2060.99,0,0
2015-12-28,2056.5,0,1
2015-12-29,2078.3601,0,0
2015-12-30,2063.3601,0,0
2015-12-31,2043.9399,0,1
2016-01-04,2012.66,0,1
2016-01-05,2016.71,0,1
2016-01-06,1990.26,0,1
2016-01-07,1943.09,0,1
2016-01-08,1922.03,0,1
2016-01-11,1923.67,0,1
2016-01-12,1938.6801,0,1
2016-01-13,1890.28,0,1
2016-01-14,1921.84,0,1
2016-01-15,1880.33,0,1
2016-01-19,1881.33,0,1
2016-01-20,1859.33,0,1
2016-01-21,1868.99,0,1
2016-01-22,1906.9,0,1
2016-01-25,1877.08,0,1
2016-01-26,1903.63,0,1
2016-01-27,1882.95,0,1
2016-01-28,1893.36,0,1
2016-01-29,1940.24,0,1
2016-02-01,1939.38,0,1
2016-02-02,1903.03,0,1
2016-02-03,1912.53,0,1
2016-02-04,1915.45,0,1
2016-02-05,1880.05,0,1
2016-02-08,1853.4399,0,1
2016-02-09,1852.21,0,1
2016-02-10,1851.86,0,1
2016-02-11,1829.08,0,1
2016-02-12,1864.78,0,1
2016-02-16,1895.58,0,1
2016-02-17,1926.8199,0,1
2016-02-18,1917.83,0,1
2016-02-19,1917.78,0,1
2016-02-22,1945.5,0,1
2016-02-23,1921.27,0,1
2016-02-24,1929.8,0,1
2016-02-25,1951.7,0,1
2016-02-26,1948.05,0,1
2016-02-29,1932.23,0,1
2016-03-01,1978.35,0,1
2016-03-02,1986.45,0,1
2016-03-03,1993.4,0,1
2016-03-04,1999.99,0,1
2016-03-07,2001.76,0,1
2016-03-08,1979.26,0,1
2016-03-09,1989.26,0,1
2016-03-10,1989.5699,0,1
2016-03-11,2022.1899,0,1
2016-03-14,2019.64,0,1
2016-03-15,2015.9301,0,1
2016-03-16,2027.22,0,1
2016-03-17,2040.59,0,0
2016-03-18,2049.5801,0,0
2016-03-21,2051.6001,0,0
2016-03-22,2049.8,0,0
2016-03-23,2036.71,0,0
2016-03-24,2035.9399,0,0
2016-03-28,2037.05,0,0
2016-03-29,2055.01,0,0
2016-03-30,2063.95,0,0
2016-03-31,2059.74,0,0
2016-04-01,2072.78,0,0
2016-04-04,2066.1299,0,0
2016-04-05,2045.17,0,0
2016-04-06,2066.6599,0,0
2016-04-07,2041.91,0,0
2016-04-08,2047.6,0,0
2016-04-11,2041.99,0,0
2016-04-12,2061.72,0,0
2016-04-13,2082.4199,0,0
2016-04-14,2082.78,0,0
2016-04-15,2080.73,0,0
2016-04-18,2094.3401,0,0
2016-04-19,2100.8,0,0
2016-04-20,2102.3999,0,0
2016-04-21,2091.48,0,0
2016-04-22,2091.5801,0,0
2016-04-25,2087.79,0,0
2016-04-26,2091.7,0,0
2016-04-27,2095.1499,0,0
2016-04-28,2075.8101,0,0
2016-04-29,2065.3,0,0
2016-05-02,2081.4299,0,0
2016-05-03,2063.3701,0,0
2016-05-04,2051.1201,0,0
2016-05-05,2050.6299,0,0
2016-05-06,2057.1399,0,0
2016-05-09,2058.6899,0,0
2016-05-10,2084.3899,0,0
2016-05-11,2064.46,0,0
2016-05-12,2064.1101,0,0
2016-05-13,2046.61,0,0
2016-05-16,2066.6599,0,0
2016-05-17,2047.21,0,0
2016-05-18,2047.63,0,0
2016-05-19,2040.04,0,0
2016-05-20,2052.3201,0,0
2016-05-23,2048.04,0,0
2016-05-24,2076.0601,0,0
2016-05-25,2090.54,0,0
2016-05-26,2090.1001,0,0
2016-05-27,2099.0601,0,0
2016-05-31,2096.95,0,0
2016-06-01,2099.3301,0,0
2016-06-02,2105.26,0,0
2016-06-03,2099.1299,0,0
2016-06-06,2109.4099,0,0
2016-06-07,2112.1299,0,0
2016-06-08,2119.1201,0,0
2016-06-09,2115.48,0,0
2016-06-10,2096.0701,0,0
2016-06-13,2079.0601,0,0
2016-06-14,2075.3201,0,0
2016-06-15,2071.5,0,0
2016-06-16,2077.99,0,0
2016-06-17,2071.22,0,0
2016-06-20,2083.25,0,0
2016-06-21,2088.8999,0,0
2016-06-22,2085.45,0,0
2016-06-23,2113.3201,0,0
2016-06-24,2037.41,0,0
2016-06-27,2000.54,0,1
2016-06-28,2036.09,0,0
2016-06-29,2070.77,0,0
2016-06-30,2098.8601,0,0
2016-07-01,2102.95,0,0
2016-07-05,2088.55,0,0
2016-07-06,2099.73,0,0
2016-07-07,2097.8999,0,0
2016-07-08,2129.8999,0,0
2016-07-11,2137.1599,0,0
2016-07-12,2152.1399,0,0
2016-07-13,2152.4299,0,0
2016-07-14,2163.75,0,0
2016-07-15,2161.74,0,0
2016-07-18,2166.8899,0,0
2016-07-19,2163.78,0,0
2016-07-20,2173.02,0,0
2016-07-21,2165.1699,0,0
2016-07-22,2175.03,0,0
2016-07-25,2168.48,0,0
2016-07-26,2169.1799,0,0
2016-07-27,2166.5801,0,0
2016-07-28,2170.0601,0,0
2016-07-29,2173.6001,0,0
2016-08-01,2170.8401,0,0
2016-08-02,2157.03,0,0
2016-08-03,2163.79,0,0
2016-08-04,2164.25,0,0
2016-08-05,2182.8701,0,0
2016-08-08,2180.8899,0,0
2016-08-09,2181.74,0,0
2016-08-10,2175.49,0,0
2016-08-11,2185.79,0,0
2016-08-12,2184.05,0,0
2016-08-15,2190.1499,0,0
2016-08-16,2178.1499,0,0
2016-08-17,2182.22,0,0
2016-08-18,2187.02,0,0
2016-08-19,2183.8701,0,0
2016-08-22,2182.6399,0,0
2016-08-23,2186.8999,0,0
2016-08-24,2175.4399,0,0
2016-08-25,2172.47,0,0
2016-08-26,2169.04,0,0
2016-08-29,2180.3799,0,0
2016-08-30,2176.1201,0,0
2016-08-31,2170.95,0,0
2016-09-01,2170.8601,0,0
2016-09-02,2179.98,0,0
2016-09-06,2186.48,0,0
2016-09-07,2186.1599,0,0
2016-09-08,2181.3,0,0
2016-09-09,2127.8101,0,0
2016-09-12,2159.04,0,0
2016-09-13,2127.02,0,0
2016-09-14,2125.77,0,0
2016-09-15,2147.26,0,0
2016-09-16,2139.1599,0,0
2016-09-19,2139.1201,0,0
2016-09-20,2139.76,0,0
2016-09-21,2163.1201,0,0
2016-09-22,2177.1799,0,0
2016-09-23,2164.6899,0,0
2016-09-26,2146.1001,0,0
2016-09-27,2159.9299,0,0
2016-09-28,2171.3701,0,0
2016-09-29,2151.1299,0,0
2016-09-30,2168.27,0,0
2016-10-03,2161.2,0,0
2016-10-04,2150.49,0,0
2016-10-05,2159.73,0,0
2016-10-06,2160.77,0,0
2016-10-07,2153.74,0,0
2016-10-10,2163.6599,0,0
2016-10-11,2136.73,0,0
2016-10-12,2139.1799,0,0
2016-10-13,2132.55,0,0
2016-10-14,2132.98,0,0
2016-10-17,2126.5,0,0
2016-10-18,2139.6001,0,0
2016-10-19,2144.29,0,0
2016-10-20,2141.3401,0,0
2016-10-21,2141.1599,0,0
2016-10-24,2151.3301,0,0
2016-10-25,2143.1599,0,0
2016-10-26,2139.4299,0,0
2016-10-27,2133.04,0,0
2016-10-28,2126.4099,0,0
2016-10-31,2126.1499,0,0
2016-11-01,2111.72,0,0
2016-11-02,2097.9399,0,0
2016-11-03,2088.6599,0,0
2016-11-04,2085.1799,0,0
2016-11-07,2131.52,0,0
2016-11-08,2139.5601,0,0
2016-11-09,2163.26,0,0
2016-11-10,2167.48,0,0
2016-11-11,2164.45,0,0
2016-11-14,2164.2,0,0
2016-11-15,2180.3899,0,0
2016-11-16,2176.9399,0,0
2016-11-17,2187.1201,0,0
2016-11-18,2181.8999,0,0
2016-11-21,2198.1799,0,0
2016-11-22,2202.9399,0,0
2016-11-23,2204.72,0,0
2016-11-25,2213.3501,0,0
2016-11-28,2201.72,1,0
2016-11-29,2204.6599,1,0
2016-11-30,2198.8101,1,0
2016-12-01,2191.0801,1,0
2016-12-02,2191.95,1,0
2016-12-05,2204.71,1,0
2016-12-06,2212.23,1,0
2016-12-07,2241.3501,1,0
2016-12-08,2246.1899,1,0
2016-12-09,2259.53,1,0
2016-12-12,2256.96,1,0
2016-12-13,2271.72,1,0
2016-12-14,2253.28,1,0
2016-12-15,2262.03,1,0
2016-12-16,2258.0701,1,0
2016-12-19,2262.53,1,0
2016-12-20,2270.76,1,0
2016-12-21,2265.1799,1,0
2016-12-22,2260.96,1,0
2016-12-23,2263.79,1,0
2016-12-27,2268.8799,1,0
2016-12-28,2249.9199,1,0
2016-12-29,2249.26,1,0
2016-12-30,2238.8301,1,0
2017-01-03,2257.8301,1,0
2017-01-04,2270.75,1,0
2017-01-05,2269.0,1,0
2017-01-06,2276.98,1,0
2017-01-09,2268.8999,1,0
2017-01-10,2268.8999,1,0
2017-01-11,2275.3201,1,0
2017-01-12,2270.4399,1,0
2017-01-13,2274.6399,1,0
2017-01-17,2267.8899,1,0
2017-01-18,2271.8899,1,0
2017-01-19,2263.6899,1,0
2017-01-20,2271.3101,1,0
2017-01-23,2265.2,1,0
2017-01-24,2280.0701,1,0
2017-01-25,2298.3701,1,0
2017-01-26,2296.6799,1,0
2017-01-27,2294.6899,1,0
2017-01-30,2280.8999,1,0
2017-01-31,2278.8701,1,0
2017-02-01,2279.55,1,0
2017-02-02,2280.8501,1,0
2017-02-03,2297.4199,1,0
2017-02-06,2292.5601,1,0
2017-02-07,2293.0801,1,0
2017-02-08,2294.6699,1,0
2017-02-09,2307.8701,1,0
2017-02-10,2316.1001,1,0
2017-02-13,2328.25,1,0
2017-02-14,2337.5801,1,0
2017-02-15,2349.25,1,0
2017-02-16,2347.22,1,0
2017-02-17,2351.1599,1,0
2017-02-21,2365.3799,1,0
2017-02-22,2362.8201,1,0
2017-02-23,2363.8101,1,0
2017-02-24,2367.3401,1,0
2017-02-27,2369.75,1,0
2017-02-28,2363.6399,1,0
2017-03-01,2395.96,1,0
2017-03-02,2381.9199,1,0
2017-03-03,2383.1201,1,0
2017-03-06,2375.3101,1,0
2017-03-07,2368.3899,1,0
2017-03-08,2362.98,1,0
2017-03-09,2364.8701,1,0
2017-03-10,2372.6001,1,0
2017-03-13,2373.47,1,0
2017-03-14,2365.45,1,0
2017-03-15,2385.26,1,0
2017-03-16,2381.3799,1,0
2017-03-17,2378.25,1,0
2017-03-20,2373.47,1,0
2017-03-21,2344.02,1,0
2017-03-22,2348.45,1,0
2017-03-23,2345.96,1,0
2017-03-24,2343.98,1,0
2017-03-27,2341.5901,1,0
2017-03-28,2358.5701,1,0
2017-03-29,2361.1299,1,0
2017-03-30,2368.0601,1,0
2017-03-31,2362.72,1,0
2017-04-03,2358.8401,1,0
2017-04-04,2360.1599,1,0
2017-04-05,2352.95,1,0
2017-04-06,2357.49,1,0
2017-04-07,2355.54,1,0
2017-04-10,2357.1599,1,0
2017-04-11,2353.78,1,0
2017-04-12,2344.9299,1,0
2017-04-13,2328.95,1,0
2017-04-17,2349.01,1,0
2017-04-18,2342.1899,1,0
2017-04-19,2338.1699,1,0
2017-04-20,2355.8401,1,0
2017-04-21,2348.6899,1,0
2017-04-24,2374.1499,1,0
2017-04-25,2388.6101,1,0
2017-04-26,2387.45,1,0
2017-04-27,2388.77,1,0
2017-04-28,2384.2,1,0
2017-05-01,2388.3301,1,0
2017-05-02,2391.1699,1,0
2017-05-03,2388.1299,1,0
2017-05-04,2389.52,1,0
2017-05-05,2399.29,1,0
2017-05-08,2399.3799,1,0
2017-05-09,2396.9199,1,0
2017-05-10,2399.6299,1,0
2017-05-11,2394.4399,1,0
2017-05-12,2390.8999,1,0
2017-05-15,2402.3201,1,0
2017-05-16,2400.6699,1,0
2017-05-17,2357.03,1,0
2017-05-18,2365.72,1,0
2017-05-19,2381.73,1,0
2017-05-22,2394.02,1,0
2017-05-23,2398.4199,1,0
2017-05-24,2404.3899,1,0
2017-05-25,2415.0701,1,0
2017-05-26,2415.8201,1,0
2017-05-30,2412.9099,1,0
2017-05-31,2411.8,1,0
2017-06-01,2430.0601,1,0
2017-06-02,2439.0701,1,0
2017-06-05,2436.1001,1,0
2017-06-06,2429.3301,1,0
2017-06-07,2433.1399,1,0
2017-06-08,2433.79,1,0
2017-06-09,2431.77,1,0
2017-06-12,2429.3899,1,0
2017-06-13,2440.3501,1,0
2017-06-14,2437.9199,1,0
2017-06-15,2432.46,1,0
2017-06-16,2433.1499,1,0
2017-06-19,2453.46,1,0
2017-06-20,2437.03,1,0
2017-06-21,2435.6101,1,0
2017-06-22,2434.5,1,0
2017-06-23,2438.3,1,0
2017-06-26,2439.0701,1,0
2017-06-27,2419.3799,1,0
2017-06-28,2440.6899,1,0
2017-06-29,2419.7,1,0
2017-06-30,2423.4099,1,0
2017-07-03,2429.01,1,0
2017-07-05,2432.54,1,0
2017-07-06,2409.75,1,0
2017-07-07,2425.1799,1,0
2017-07-10,2427.4299,1,0
2017-07-11,2425.53,1,0
2017-07-12,2443.25,1,0
2017-07-13,2447.8301,1,0
2017-07-14,2459.27,1,0
2017-07-17,2459.1399,1,0
2017-07-18,2460.6101,1,0
2017-07-19,2473.8301,1,0
2017-07-20,2473.45,1,0
2017-07-21,2472.54,1,0
2017-07-24,2469.9099,1,0
2017-07-25,2477.1299,1,0
2017-07-26,2477.8301,1,0
2017-07-27,2475.4199,1,0
2017-07-28,2472.1001,1,0
2017-07-31,2470.3,1,0
2017-08-01,2476.3501,1,0
2017-08-02,2477.5701,1,0
2017-08-03,2472.1599,1,0
2017-08-04,2476.8301,1,0
2017-08-07,2480.9099,1,0
2017-08-08,2474.9199,1,0
2017-08-09,2474.02,1,0
2017-08-10,2438.21,1,0
2017-08-11,2441.3201,1,0
2017-08-14,2465.8401,1,0
2017-08-15,2464.6101,1,0
2017-08-16,2468.1101,1,0
2017-08-17,2430.01,1,0
2017-08-18,2425.55,1,0
2017-08-21,2428.3701,1,0
2017-08-22,2452.51,1,0
2017-08-23,2444.04,1,0
2017-08-24,2438.97,1,0
2017-08-25,2443.05,1,0
2017-08-28,2444.24,1,0
2017-08-29,2446.3,1,0
2017-08-30,2457.5901,1,0
2017-08-31,2471.6499,1,0
2017-09-01,2476.55,1,0
2017-09-05,2457.8501,1,0
2017-09-06,2465.54,1,0
2017-09-07,2465.1001,1,0
2017-09-08,2461.4299,1,0
2017-09-11,2488.1101,1,0
2017-09-12,2496.48,1,0
2017-09-13,2498.3701,1,0
2017-09-14,2495.6201,1,0
2017-09-15,2500.23,1,0
2017-09-18,2503.8701,1,0
2017-09-19,2506.6499,1,0
2017-09-20,2508.24,1,0
2017-09-21,2500.6001,1,0
2017-09-22,2502.22,1,0
2017-09-25,2496.6599,1,0
2017-09-26,2496.8401,1,0
2017-09-27,2507.04,1,0
2017-09-28,2510.0601,1,0
2017-09-29,2519.3601,1,0
2017-10-02,2529.1201,1,0
2017-10-03,2534.5801,1,0
2017-10-04,2537.74,1,0
2017-10-05,2552.0701,1,0
2017-10-06,2549.3301,1,0
2017-10-09,2544.73,1,0
2017-10-10,2550.6399,1,0
2017-10-11,2555.24,1,0
2017-10-12,2550.9299,1,0
2017-10-13,2553.1699,1,0
2017-10-16,2557.6399,1,0
2017-10-17,2559.3601,1,0
2017-10-18,2561.26,1,0
2017-10-19,2562.1001,1,0
2017-10-20,2575.21,1,0
2017-10-23,2564.98,1,0
2017-10-24,2569.1299,1,0
2017-10-25,2557.1499,1,0
2017-10-26,2560.3999,1,0
2017-10-27,2581.0701,1,0
2017-10-30,2572.8301,1,0
2017-10-31,2575.26,1,0
2017-11-01,2579.3601,1,0
2017-11-02,2579.8501,1,0
2017-11-03,2587.8401,1,0
2017-11-06,2591.1299,1,0
2017-11-07,2590.6399,1,0
2017-11-08,2594.3799,1,0
2017-11-09,2584.6201,1,0
2017-11-10,2582.3,1,0
2017-11-13,2584.8401,1,0
2017-11-14,2578.8701,1,0
2017-11-15,2564.6201,1,0
2017-11-16,2585.6399,1,0
2017-11-17,2578.8501,1,0
2017-11-20,2582.1399,1,0
2017-11-21,2599.03,1,0
2017-11-22,2597.0801,1,0
2017-11-24,2602.4199,1,0
2017-11-27,2601.4199,1,0
2017-11-28,2627.04,1,0
2017-11-29,2626.0701,1,0
2017-11-30,2647.5801,1,0
2017-12-01,2642.22,1,0
2017-12-04,2639.4399,1,0
2017-12-05,2629.5701,1,0
2017-12-06,2629.27,1,0
2017-12-07,2636.98,1,0
2017-12-08,2651.5,1,0
2017-12-11,2659.99,1,0
2017-12-12,2664.1101,1,0
2017-12-13,2662.8501,1,0
2017-12-14,2652.01,1,0
2017-12-15,2675.8101,1,0
2017-12-18,2690.1599,1,0
2017-12-19,2681.47,1,0
2017-12-20,2679.25,1,0
2017-12-21,2684.5701,1,0
2017-12-22,2683.3401,1,0
2017-12-26,2680.5,1,0
2017-12-27,2682.6201,1,0
2017-12-28,2687.54,1,0
2017-12-29,2673.6101,1,0
2018-01-02,2695.8101,1,0
2018-01-03,2713.0601,1,0
2018-01-04,2723.99,1,0
2018-01-05,2743.1499,1,0
2018-01-08,2747.71,1,0
2018-01-09,2751.29,1,0
2018-01-10,2748.23,1,0
2018-01-11,2767.5601,1,0
2018-01-12,2786.24,1,0
2018-01-16,2776.4199,1,0
2018-01-17,2802.5601,1,0
2018-01-18,2798.03,1,0
2018-01-19,2810.3,1,0
2018-01-22,2832.97,1,0
2018-01-23,2839.1299,1,0
2018-01-24,2837.54,1,0
2018-01-25,2839.25,1,0
2018-01-26,2872.8701,1,0
2018-01-29,2853.53,1,0
2018-01-30,2822.4299,1,0
2018-01-31,2823.8101,1,0
2018-02-01,2821.98,1,0
2018-02-02,2762.1299,1,0
2018-02-05,2648.9399,1,0
2018-02-06,2695.1399,1,0
2018-02-07,2681.6599,1,0
2018-02-08,2581.0,0,0
2018-02-09,2619.55,0,0
2018-02-12,2656.0,1,0
2018-02-13,2662.9399,1,0
2018-02-14,2698.6299,1,0
2018-02-15,2731.2,1,0
2018-02-16,2732.22,1,0
2018-02-20,2716.26,1,0
2018-02-21,2701.3301,1,0
2018-02-22,2703.96,1,0
2018-02-23,2747.3,1,0
2018-02-26,2779.6001,1,0
2018-02-27,2744.28,1,0
2018-02-28,2713.8301,1,0
2018-03-01,2677.6699,1,0
2018-03-02,2691.25,1,0
2018-03-05,2720.9399,1,0
2018-03-06,2728.1201,1,0
2018-03-07,2726.8,1,0
2018-03-08,2738.97,1,0
2018-03-09,2786.5701,1,0
2018-03-12,2783.02,1,0
2018-03-13,2765.3101,1,0
2018-03-14,2749.48,1,0
2018-03-15,2747.3301,1,0
2018-03-16,2752.01,1,0
2018-03-19,2712.9199,1,0
2018-03-20,2716.9399,1,0
2018-03-21,2711.9299,1,0
2018-03-22,2643.6899,0,0
2018-03-23,2588.26,0,0
2018-03-26,2658.55,0,0
2018-03-27,2612.6201,0,0
2018-03-28,2605.0,0,0
2018-03-29,2640.8701,0,0
2018-04-02,2581.8799,0,0
2018-04-03,2614.45,0,0
2018-04-04,2644.6899,0,0
2018-04-05,2662.8401,0,0
2018-04-06,2604.47,0,0
2018-04-09,2613.1599,0,0
2018-04-10,2656.8701,0,0
2018-04-11,2642.1899,0,0
2018-04-12,2663.99,0,0
2018-04-13,2656.3,0,0
2018-04-16,2677.8401,0,0
2018-04-17,2706.3899,1,0
2018-04-18,2708.6399,1,0
2018-04-19,2693.1299,0,0
2018-04-20,2670.1399,0,0
2018-04-23,2670.29,0,0
2018-04-24,2634.5601,0,0
2018-04-25,2639.3999,0,0
2018-04-26,2666.9399,0,0
2018-04-27,2669.9099,0,0
2018-04-30,2648.05,0,0
2018-05-01,2654.8,0,0
2018-05-02,2635.6699,0,0
2018-05-03,2629.73,0,0
2018-05-04,2663.4199,0,0
2018-05-07,2672.6299,0,0
2018-05-08,2671.9199,0,0
2018-05-09,2697.79,0,0
2018-05-10,2723.0701,1,0
2018-05-11,2727.72,1,0
2018-05-14,2730.1299,1,0
2018-05-15,2711.45,1,0
2018-05-16,2722.46,1,0
2018-05-17,2720.1299,1,0
2018-05-18,2712.97,1,0
2018-05-21,2733.01,1,0
2018-05-22,2724.4399,1,0
2018-05-23,2733.29,1,0
2018-05-24,2727.76,1,0
2018-05-25,2721.3301,1,0
2018-05-29,2689.8601,0,0
2018-05-30,2724.01,1,0
2018-05-31,2705.27,0,0
2018-06-01,2734.6201,1,0
2018-06-04,2746.8701,1,0
2018-06-05,2748.8,1,0
2018-06-06,2772.3501,1,0
2018-06-07,2770.3701,1,0
2018-06-08,2779.03,1,0
2018-06-11,2782.0,1,0
2018-06-12,2786.8501,1,0
2018-06-13,2775.6299,1,0
2018-06-14,2782.49,1,0
2018-06-15,2779.6599,1,0
2018-06-18,2773.75,1,0
2018-06-19,2762.5901,1,0
2018-06-20,2767.3201,1,0
2018-06-21,2749.76,1,0
2018-06-22,2754.8799,1,0
2018-06-25,2717.0701,1,0
2018-06-26,2723.0601,1,0
2018-06-27,2699.6299,0,0
2018-06-28,2716.3101,1,0
2018-06-29,2718.3701,1,0
2018-07-02,2726.71,1,0
2018-07-03,2713.22,1,0
2018-07-05,2736.6101,1,0
2018-07-06,2759.8201,1,0
2018-07-09,2784.1699,1,0
2018-07-10,2793.8401,1,0
2018-07-11,2774.02,1,0
2018-07-12,2798.29,1,0
2018-07-13,2801.3101,1,0
2018-07-16,2798.4299,1,0
2018-07-17,2809.55,1,0
2018-07-18,2815.6201,1,0
2018-07-19,2804.49,1,0
2018-07-20,2801.8301,1,0
2018-07-23,2806.98,1,0
2018-07-24,2820.3999,1,0
2018-07-25,2846.0701,1,0
2018-07-26,2837.4399,1,0
2018-07-27,2818.8201,1,0
2018-07-30,2802.6001,1,0
2018-07-31,2816.29,1,0
2018-08-01,2813.3601,1,0
2018-08-02,2827.22,1,0
2018-08-03,2840.3501,1,0
2018-08-06,2850.3999,1,0
2018-08-07,2858.45,1,0
2018-08-08,2857.7,1,0
2018-08-09,2853.5801,1,0
2018-08-10,2833.28,1,0
2018-08-13,2821.9299,1,0
2018-08-14,2839.96,1,0
2018-08-15,2818.3701,1,0
2018-08-16,2840.6899,1,0
2018-08-17,2850.1299,1,0
2018-08-20,2857.05,1,0
2018-08-21,2862.96,1,0
2018-08-22,2861.8201,1,0
2018-08-23,2856.98,1,0
2018-08-24,2874.6899,1,0
2018-08-27,2896.74,1,0
2018-08-28,2897.52,1,0
2018-08-29,2914.04,1,0
2018-08-30,2901.1299,1,0
2018-08-31,2901.52,1,0
2018-09-04,2896.72,1,0
2018-09-05,2888.6001,1,0
2018-09-06,2878.05,1,0
2018-09-07,2871.6799,1,0
2018-09-10,2877.1299,1,0
2018-09-11,2887.8899,1,0
2018-09-12,2888.9199,1,0
2018-09-13,2904.1799,1,0
2018-09-14,2904.98,1,0
2018-09-17,2888.8,1,0
2018-09-18,2904.3101,1,0
2018-09-19,2907.95,1,0
2018-09-20,2930.75,1,0
2018-09-21,2929.6699,1,0
2018-09-24,2919.3701,1,0
2018-09-25,2915.5601,1,0
2018-09-26,2905.97,1,0
2018-09-27,2914.0,1,0
2018-09-28,2913.98,1,0
2018-10-01,2924.5901,1,0
2018-10-02,2923.4299,1,0
2018-10-03,2925.51,1,0
2018-10-04,2901.6101,1,0
2018-10-05,2885.5701,1,0
2018-10-08,2884.4299,1,0
2018-10-09,2880.3401,1,0
2018-10-10,2785.6799,0,0
2018-10-11,2728.3701,0,1
2018-10-12,2767.1299,0,0
2018-10-15,2750.79,0,0
2018-10-16,2809.9199,0,0
2018-10-17,2809.21,0,0
2018-10-18,2768.78,0,0
2018-10-19,2767.78,0,0
2018-10-22,2755.8799,0,0
2018-10-23,2740.6899,0,1
2018-10-24,2656.1001,0,1
2018-10-25,2705.5701,0,1
2018-10-26,2658.6899,0,1
2018-10-29,2641.25,0,1
2018-10-30,2682.6299,0,1
2018-10-31,2711.74,0,1
2018-11-01,2740.3701,0,1
2018-11-02,2723.0601,0,1
2018-11-05,2738.3101,0,1
2018-11-06,2755.45,0,0
2018-11-07,2813.8899,0,0
2018-11-08,2806.8301,0,0
2018-11-09,2781.01,0,0
2018-11-12,2726.22,0,1
2018-11-13,2722.1799,0,1
2018-11-14,2701.5801,0,1
2018-11-15,2730.2,0,1
2018-11-16,2736.27,0,1
2018-11-19,2690.73,0,1
2018-11-20,2641.8899,0,1
2018-11-21,2649.9299,0,1
2018-11-23,2632.5601,0,1
2018-11-26,2673.45,0,1
2018-11-27,2682.1699,0,1
2018-11-28,2743.79,0,1
2018-11-29,2737.8,0,1
2018-11-30,2760.1699,0,0
2018-12-03,2790.3701,0,0
2018-12-04,2700.0601,0,1
2018-12-06,2695.95,0,1
2018-12-07,2633.0801,0,1
2018-12-10,2637.72,0,1
2018-12-11,2636.78,0,1
2018-12-12,2651.0701,0,1
2018-12-13,2650.54,0,1
2018-12-14,2599.95,0,1
2018-12-17,2545.9399,0,1
2018-12-18,2546.1599,0,1
2018-12-19,2506.96,0,1
2018-12-20,2467.4199,0,1
2018-12-21,2416.6201,0,1
2018-12-24,2351.1001,0,1
2018-12-26,2467.7,0,1
2018-12-27,2488.8301,0,1
2018-12-28,2485.74,0,1
2018-12-31,2506.8501,0,1
2019-01-02,2510.03,0,1
2019-01-03,2447.8899,0,1
2019-01-04,2531.9399,0,1
2019-01-07,2549.6899,0,1
2019-01-08,2574.4099,0,1
2019-01-09,2584.96,0,1
2019-01-10,2596.6399,0,1
2019-01-11,2596.26,0,1
2019-01-14,2582.6101,0,1
2019-01-15,2610.3,0,1
2019-01-16,2616.1001,0,1
2019-01-17,2635.96,0,1
2019-01-18,2670.71,0,1
2019-01-22,2632.8999,0,1
2019-01-23,2638.7,0,1
2019-01-24,2642.3301,0,1
2019-01-25,2664.76,0,1
2019-01-28,2643.8501,0,1
2019-01-29,2640.0,0,1
2019-01-30,2681.05,0,1
2019-01-31,2704.1001,0,1
2019-02-01,2706.53,0,1
2019-02-04,2724.8701,0,1
2019-02-05,2737.7,1,0
2019-02-06,2731.6101,1,0
2019-02-07,2706.05,0,1
2019-02-08,2707.8799,0,1
2019-02-11,2709.8,0,1
2019-02-12,2744.73,1,0
2019-02-13,2753.03,1,0
2019-02-14,2745.73,1,0
2019-02-15,2775.6001,1,0
2019-02-19,2779.76,1,0
2019-02-20,2784.7,1,0
2019-02-21,2774.8799,1,0
2019-02-22,2792.6699,1,0
2019-02-25,2796.1101,1,0
2019-02-26,2793.8999,1,0
2019-02-27,2792.3799,1,0
2019-02-28,2784.49,1,0
2019-03-01,2803.6899,1,0
2019-03-04,2792.8101,1,0
2019-03-05,2789.6499,1,0
2019-03-06,2771.45,1,0
2019-03-07,2748.9299,1,0
2019-03-08,2743.0701,1,0
2019-03-11,2783.3,1,0
2019-03-12,2791.52,1,0
2019-03-13,2810.9199,1,0
2019-03-14,2808.48,1,0
2019-03-15,2822.48,1,0
2019-03-18,2832.9399,1,0
2019-03-19,2832.5701,1,0
2019-03-20,2824.23,1,0
2019-03-21,2854.8799,1,0
2019-03-22,2800.71,1,0
2019-03-25,2798.3601,1,0
2019-03-26,2818.46,1,0
2019-03-27,2805.3701,1,0
2019-03-28,2815.4399,1,0
2019-03-29,2834.3999,1,0
2019-04-01,2867.1899,1,0
2019-04-02,2867.24,1,0
2019-04-03,2873.3999,1,0
2019-04-04,2879.3899,1,0
2019-04-05,2892.74,1,0
2019-04-08,2895.77,1,0
2019-04-09,2878.2,1,0
2019-04-10,2888.21,1,0
2019-04-11,2888.3201,1,0
2019-04-12,2907.4099,1,0
2019-04-15,2905.5801,1,0
2019-04-16,2907.0601,1,0
2019-04-17,2900.45,1,0
2019-04-18,2905.03,1,0
2019-04-22,2907.97,1,0
2019-04-23,2933.6799,1,0
2019-04-24,2927.25,1,0
2019-04-25,2926.1699,1,0
2019-04-26,2939.8799,1,0
2019-04-29,2943.03,1,0
2019-04-30,2945.8301,1,0
2019-05-01,2923.73,1,0
2019-05-02,2917.52,1,0
2019-05-03,2945.6399,1,0
2019-05-06,2932.47,1,0
2019-05-07,2884.05,1,0
2019-05-08,2879.4199,1,0
2019-05-09,2870.72,1,0
2019-05-10,2881.3999,1,0
2019-05-13,2811.8701,1,0
2019-05-14,2834.4099,1,0
2019-05-15,2850.96,1,0
2019-05-16,2876.3201,1,0
2019-05-17,2859.53,1,0
2019-05-20,2840.23,1,0
2019-05-21,2864.3601,1,0
2019-05-22,2856.27,1,0
2019-05-23,2822.24,1,0
2019-05-24,2826.0601,1,0
2019-05-28,2802.3899,0,0
2019-05-29,2783.02,0,0
2019-05-30,2788.8601,0,0
2019-05-31,2752.0601,0,1
2019-06-03,2744.45,0,1
2019-06-04,2803.27,0,0
2019-06-05,2826.1499,1,0
2019-06-06,2843.49,1,0
2019-06-07,2873.3401,1,0
2019-06-10,2886.73,1,0
2019-06-11,2885.72,1,0
2019-06-12,2879.8401,1,0
2019-06-13,2891.6399,1,0
2019-06-14,2886.98,1,0
2019-06-17,2889.6699,1,0
2019-06-18,2917.75,1,0
2019-06-19,2926.46,1,0
2019-06-20,2954.1799,1,0
2019-06-21,2950.46,1,0
2019-06-24,2945.3501,1,0
2019-06-25,2917.3799,1,0
2019-06-26,2913.78,1,0
2019-06-27,2924.9199,1,0
2019-06-28,2941.76,1,0
2019-07-01,2964.3301,1,0
2019-07-02,2973.01,1,0
2019-07-03,2995.8201,1,0
2019-07-05,2990.4099,1,0
2019-07-08,2975.95,1,0
2019-07-09,2979.6299,1,0
2019-07-10,2993.0701,1,0
2019-07-11,2999.9099,1,0
2019-07-12,3013.77,1,0
2019-07-15,3014.3,1,0
2019-07-16,3004.04,1,0
2019-07-17,2984.4199,1,0
2019-07-18,2995.1101,1,0
2019-07-19,2976.6101,1,0
2019-07-22,2985.03,1,0
2019-07-23,3005.47,1,0
2019-07-24,3019.5601,1,0
2019-07-25,3003.6699,1,0
2019-07-26,3025.8601,1,0
2019-07-29,3020.97,1,0
2019-07-30,3013.1799,1,0
2019-07-31,2980.3799,1,0
2019-08-01,2953.5601,1,0
2019-08-02,2932.05,1,0
2019-08-05,2844.74,0,0
2019-08-06,2881.77,0,0
2019-08-07,2883.98,0,0
2019-08-08,2938.0901,1,0
2019-08-09,2918.6499,1,0
2019-08-12,2882.7,0,0
2019-08-13,2926.3201,1,0
2019-08-14,2840.6001,0,0
2019-08-15,2847.6001,0,0
2019-08-16,2888.6799,0,0
2019-08-19,2923.6499,1,0
2019-08-20,2900.51,0,0
2019-08-21,2924.4299,1,0
2019-08-22,2922.95,1,0
2019-08-23,2847.1101,0,0
2019-08-26,2878.3799,0,0
2019-08-27,2869.1599,0,0
2019-08-28,2887.9399,0,0
2019-08-29,2924.5801,1,0
2019-08-30,2926.46,1,0
2019-09-03,2906.27,0,0
2019-09-04,2937.78,1,0
2019-09-05,2976.0,1,0
2019-09-06,2978.71,1,0
2019-09-09,2978.4299,1,0
2019-09-10,2979.3899,1,0
2019-09-11,3000.9299,1,0
2019-09-12,3009.5701,1,0
2019-09-13,3007.3899,1,0
2019-09-16,2997.96,1,0
2019-09-17,3005.7,1,0
2019-09-18,3006.73,1,0
2019-09-19,3006.79,1,0
2019-09-20,2992.0701,1,0
2019-09-23,2991.78,1,0
2019-09-24,2966.6001,1,0
2019-09-25,2984.8701,1,0
2019-09-26,2977.6201,1,0
2019-09-27,2961.79,1,0
2019-09-30,2976.74,1,0
2019-10-01,2940.25,1,0
2019-10-02,2887.6101,0,0
2019-10-03,2910.6299,0,0
2019-10-04,2952.01,1,0
2019-10-07,2938.79,1,0
2019-10-08,2893.0601,0,0
2019-10-09,2919.3999,0,0
2019-10-10,2938.1299,1,0
2019-10-11,2970.27,1,0
2019-10-14,2966.1499,1,0
2019-10-15,2995.6799,1,0
2019-10-16,2989.6899,1,0
2019-10-17,2997.95,1,0
2019-10-18,2986.2,1,0
2019-10-21,3006.72,1,0
2019-10-22,2995.99,1,0
2019-10-23,3004.52,1,0
2019-10-24,3010.29,1,0
2019-10-25,3022.55,1,0
2019-10-28,3039.4199,1,0
2019-10-29,3036.8899,1,0
2019-10-30,3046.77,1,0
2019-10-31,3037.5601,1,0
2019-11-01,3066.9099,1,0
2019-11-04,3078.27,1,0
2019-11-05,3074.6201,1,0
2019-11-06,3076.78,1,0
2019-11-07,3085.1799,1,0
2019-11-08,3093.0801,1,0
2019-11-11,3087.01,1,0
2019-11-12,3091.8401,1,0
2019-11-13,3094.04,1,0
2019-11-14,3096.6299,1,0
2019-11-15,3120.46,1,0
2019-11-18,3122.03,1,0
2019-11-19,3120.1799,1,0
2019-11-20,3108.46,1,0
2019-11-21,3103.54,1,0
2019-11-22,3110.29,1,0
2019-11-25,3133.6399,1,0
2019-11-26,3140.52,1,0
2019-11-27,3153.6299,1,0
2019-11-29,3140.98,1,0
2019-12-02,3113.8701,1,0
2019-12-03,3093.2,1,0
2019-12-04,3112.76,1,0
2019-12-05,3117.4299,1,0
2019-12-06,3145.9099,1,0
2019-12-09,3135.96,1,0
2019-12-10,3132.52,1,0
2019-12-11,3141.6299,1,0
2019-12-12,3168.5701,1,0
2019-12-13,3168.8,1,0
2019-12-16,3191.45,1,0
2019-12-17,3192.52,1,0
2019-12-18,3191.1399,1,0
2019-12-19,3205.3701,1,0
2019-12-20,3221.22,1,0
2019-12-23,3224.01,1,0
2019-12-24,3223.3799,1,0
2019-12-26,3239.9099,1,0
2019-12-27,3240.02,1,0
2019-12-30,3221.29,1,0
2019-12-31,3230.78,1,0
2020-01-02,3257.8501,1,0
2020-01-03,3234.8501,1,0
2020-01-06,3246.28,1,0
2020-01-07,3237.1799,1,0
2020-01-08,3253.05,1,0
2020-01-09,3274.7,1,0
2020-01-10,3265.3501,1,0
2020-01-13,3288.1299,1,0
2020-01-14,3283.1499,1,0
2020-01-15,3289.29,1,0
2020-01-16,3316.8101,1,0
2020-01-17,3329.6201,1,0
2020-01-21,3320.79,1,0
2020-01-22,3321.75,1,0
2020-01-23,3325.54,1,0
2020-01-24,3295.47,1,0
2020-01-27,3243.6299,1,0
2020-01-28,3276.24,1,0
2020-01-29,3273.3999,1,0
2020-01-30,3283.6599,1,0
2020-01-31,3225.52,1,0
2020-02-03,3248.9199,1,0
2020-02-04,3297.5901,1,0
2020-02-05,3334.6899,1,0
2020-02-06,3345.78,1,0
2020-02-07,3327.71,1,0
2020-02-10,3352.0901,1,0
2020-02-11,3357.75,1,0
2020-02-12,3379.45,1,0
2020-02-13,3373.9399,1,0
2020-02-14,3380.1599,1,0
2020-02-18,3370.29,1,0
2020-02-19,3386.1499,1,0
2020-02-20,3373.23,1,0
2020-02-21,3337.75,1,0
2020-02-24,3225.8899,1,0
2020-02-25,3128.21,0,0
2020-02-26,3116.3899,0,0
2020-02-27,2978.76,0,1
2020-02-28,2954.22,0,1
2020-03-02,3090.23,0,0
2020-03-03,3003.3701,0,1
2020-03-04,3130.1201,0,0
2020-03-05,3023.9399,0,1
2020-03-06,2972.3701,0,1
2020-03-09,2746.5601,0,1
2020-03-10,2882.23,0,1
2020-03-11,2741.3799,0,1
2020-03-12,2480.6399,0,1
2020-03-13,2711.02,0,1
2020-03-16,2386.1299,0,1
2020-03-17,2529.1899,0,1
2020-03-18,2398.1001,0,1
2020-03-19,2409.3899,0,1
2020-03-20,2304.9199,0,1
2020-03-23,2237.3999,0,1
2020-03-24,2447.3301,0,1
2020-03-25,2475.5601,0,1
2020-03-26,2630.0701,0,1
2020-03-27,2541.47,0,1
2020-03-30,2626.6499,0,1
2020-03-31,2584.5901,0,1
2020-04-01,2470.5,0,1
2020-04-02,2526.8999,0,1
2020-04-03,2488.6499,0,1
2020-04-06,2663.6799,0,1
2020-04-07,2659.4099,0,1
2020-04-08,2749.98,0,1
2020-04-09,2789.8201,0,1
2020-04-13,2761.6299,0,1
2020-04-14,2846.0601,0,1
2020-04-15,2783.3601,0,1
2020-04-16,2799.55,0,1
2020-04-17,2874.5601,0,1
2020-04-20,2823.1599,0,1
2020-04-21,2736.5601,0,1
2020-04-22,2799.3101,0,1
2020-04-23,2797.8,0,1
2020-04-24,2836.74,0,1
2020-04-27,2878.48,0,1
2020-04-28,2863.3899,0,1
2020-04-29,2939.51,0,1
2020-04-30,2912.4299,0,1
2020-05-01,2830.71,0,1
2020-05-04,2842.74,0,1
2020-05-05,2868.4399,0,1
2020-05-06,2848.4199,0,1
2020-05-07,2881.1899,0,1
2020-05-08,2929.8,0,1
2020-05-11,2930.1899,0,1
2020-05-12,2870.1201,0,1
2020-05-13,2820.0,0,1
2020-05-14,2852.5,0,1
2020-05-15,2863.7,0,1
2020-05-18,2953.9099,0,1
2020-05-19,2922.9399,0,1
2020-05-20,2971.6101,0,1
2020-05-21,2948.51,0,1
2020-05-22,2955.45,0,1
2020-05-26,2991.77,0,1
2020-05-27,3036.1299,1,0
2020-05-28,3029.73,1,0
2020-05-29,3044.3101,1,0
2020-06-01,3055.73,1,0
2020-06-02,3080.8201,1,0
2020-06-03,3122.8701,1,0
2020-06-04,3112.3501,1,0
2020-06-05,3193.9299,1,0
2020-06-08,3232.3899,1,0
2020-06-09,3207.1799,1,0
2020-06-10,3190.1399,1,0
2020-06-11,3002.1001,0,1
2020-06-12,3041.3101,1,0
2020-06-15,3066.5901,1,0
2020-06-16,3124.74,1,0
2020-06-17,3113.49,1,0
2020-06-18,3115.3401,1,0
2020-06-19,3097.74,1,0
2020-06-22,3117.8601,1,0
2020-06-23,3131.29,1,0
2020-06-24,3050.3301,1,0
2020-06-25,3083.76,1,0
2020-06-26,3009.05,0,1
2020-06-29,3053.24,1,0
2020-06-30,3100.29,1,0
2020-07-01,3115.8601,1,0
2020-07-02,3130.01,1,0
2020-07-06,3179.72,1,0
2020-07-07,3145.3201,1,0
2020-07-08,3169.9399,1,0
2020-07-09,3152.05,1,0
2020-07-10,3185.04,1,0
2020-07-13,3155.22,1,0
2020-07-14,3197.52,1,0
2020-07-15,3226.5601,1,0
2020-07-16,3215.5701,1,0
2020-07-17,3224.73,1,0
2020-07-20,3251.8401,1,0
2020-07-21,3257.3,1,0
2020-07-22,3276.02,1,0
2020-07-23,3235.6599,1,0
2020-07-24,3215.6299,1,0
2020-07-27,3239.4099,1,0
2020-07-28,3218.4399,1,0
2020-07-29,3258.4399,1,0
2020-07-30,3246.22,1,0
2020-07-31,3271.1201,1,0
2020-08-03,3294.6101,1,0
2020-08-04,3306.51,1,0
2020-08-05,3327.77,1,0
2020-08-06,3349.1599,1,0
2020-08-07,3351.28,1,0
2020-08-10,3360.47,1,0
2020-08-11,3333.6899,1,0
2020-08-12,3380.3501,1,0
2020-08-13,3373.4299,1,0
2020-08-14,3372.8501,1,0
2020-08-17,3381.99,1,0
2020-08-18,3389.78,1,0
2020-08-19,3374.8501,1,0
2020-08-20,3385.51,1,0
2020-08-21,3397.1599,1,0
2020-08-24,3431.28,1,0
2020-08-25,3443.6201,1,0
2020-08-26,3478.73,1,0
2020-08-27,3484.55,1,0
2020-08-28,3508.01,1,0
2020-08-31,3500.3101,1,0
2020-09-01,3526.6499,1,0
2020-09-02,3580.8401,1,0
2020-09-03,3455.0601,1,0
2020-09-04,3426.96,1,0
2020-09-08,3331.8401,1,0
2020-09-09,3398.96,1,0
2020-09-10,3339.1899,1,0
2020-09-11,3340.97,1,0
2020-09-14,3383.54,1,0
2020-09-15,3401.2,1,0
2020-09-16,3385.49,1,0
2020-09-17,3357.01,1,0
2020-09-18,3319.47,1,0
2020-09-21,3281.0601,1,0
2020-09-22,3315.5701,1,0
2020-09-23,3236.9199,1,0
2020-09-24,3246.5901,1,0
2020-09-25,3298.46,1,0
2020-09-28,3351.6001,1,0
2020-09-29,3335.47,1,0
2020-09-30,3363.0,1,0
2020-10-01,3380.8,1,0
2020-10-02,3348.4199,1,0
2020-10-05,3408.6001,1,0
2020-10-06,3360.97,1,0
2020-10-07,3419.4399,1,0
2020-10-08,3446.8301,1,0
2020-10-09,3477.1399,1,0
2020-10-12,3534.22,1,0
2020-10-13,3511.9299,1,0
2020-10-14,3488.6699,1,0
2020-10-15,3483.3401,1,0
2020-10-16,3483.8101,1,0
2020-10-19,3426.9199,1,0
2020-10-20,3443.1201,1,0
2020-10-21,3435.5601,1,0
2020-10-22,3453.49,1,0
2020-10-23,3465.3899,1,0
2020-10-26,3400.97,1,0
2020-10-27,3390.6799,1,0
2020-10-28,3271.03,0,0
2020-10-29,3310.1101,1,0
2020-10-30,3269.96,0,0
2020-11-02,3310.24,1,0
2020-11-03,3369.1599,1,0
2020-11-04,3443.4399,1,0
2020-11-05,3510.45,1,0
2020-11-06,3509.4399,1,0
2020-11-09,3550.5,1,0
2020-11-10,3545.53,1,0
2020-11-11,3572.6599,1,0
2020-11-12,3537.01,1,0
2020-11-13,3585.1499,1,0
2020-11-16,3626.9099,1,0
2020-11-17,3609.53,1,0
2020-11-18,3567.79,1,0
2020-11-19,3581.8701,1,0
2020-11-20,3557.54,1,0
2020-11-23,3577.5901,1,0
2020-11-24,3635.4099,1,0
2020-11-25,3629.6499,1,0
2020-11-27,3638.3501,1,0
2020-11-30,3621.6299,1,0
2020-12-01,3662.45,1,0
2020-12-02,3669.01,1,0
2020-12-03,3666.72,1,0
2020-12-04,3699.1201,1,0
2020-12-07,3691.96,1,0
2020-12-08,3702.25,1,0
2020-12-09,3672.8201,1,0
2020-12-10,3668.1001,1,0
2020-12-11,3663.46,1,0
2020-12-14,3647.49,1,0
2020-12-15,3694.6201,1,0
2020-12-16,3701.1699,1,0
2020-12-17,3722.48,1,0
2020-12-18,3709.4099,1,0
2020-12-21,3694.9199,1,0
2020-12-22,3687.26,1,0
2020-12-23,3690.01,1,0
2020-12-24,3703.0601,1,0
2020-12-28,3735.3601,1,0
2020-12-29,3727.04,1,0
2020-12-30,3732.04,1,0
2020-12-31,3756.0701,1,0
2021-01-04,3700.6499,1,0
2021-01-05,3726.8601,1,0
2021-01-06,3748.1399,1,0
2021-01-07,3803.79,1,0
2021-01-08,3824.6799,1,0
2021-01-11,3799.6101,1,0
2021-01-12,3801.1899,1,0
2021-01-13,3809.8401,1,0
2021-01-14,3795.54,1,0
2021-01-15,3768.25,1,0
2021-01-19,3798.9099,1,0
2021-01-20,3851.8501,1,0
2021-01-21,3853.0701,1,0
2021-01-22,3841.47,1,0
2021-01-25,3855.3601,1,0
2021-01-26,3849.6201,1,0
2021-01-27,3750.77,1,0
2021-01-28,3787.3799,1,0
2021-01-29,3714.24,1,0
2021-02-01,3773.8601,1,0
2021-02-02,3826.3101,1,0
2021-02-03,3830.1699,1,0
2021-02-04,3871.74,1,0
2021-02-05,3886.8301,1,0
2021-02-08,3915.5901,1,0
2021-02-09,3911.23,1,0
2021-02-10,3909.8799,1,0
2021-02-11,3916.3799,1,0
2021-02-12,3934.8301,1,0
2021-02-16,3932.5901,1,0
2021-02-17,3931.3301,1,0
2021-02-18,3913.97,1,0
2021-02-19,3906.71,1,0
2021-02-22,3876.5,1,0
2021-02-23,3881.3701,1,0
2021-02-24,3925.4299,1,0
2021-02-25,3829.3401,1,0
2021-02-26,3811.1499,1,0
2021-03-01,3901.8201,1,0
2021-03-02,3870.29,1,0
2021-03-03,3819.72,1,0
2021-03-04,3768.47,1,0
2021-03-05,3841.9399,1,0
2021-03-08,3821.3501,1,0
2021-03-09,3875.4399,1,0
2021-03-10,3898.8101,1,0
2021-03-11,3939.3401,1,0
2021-03-12,3943.3401,1,0
2021-03-15,3968.9399,1,0
2021-03-16,3962.71,1,0
2021-03-17,3974.1201,1,0
2021-03-18,3915.46,1,0
2021-03-19,3913.1001,1,0
2021-03-22,3940.5901,1,0
2021-03-23,3910.52,1,0
2021-03-24,3889.1399,1,0
2021-03-25,3909.52,1,0
2021-03-26,3974.54,1,0
2021-03-29,3971.0901,1,0
2021-03-30,3958.55,1,0
2021-03-31,3972.8899,1,0
2021-04-01,4019.8701,1,0
2021-04-05,4077.9099,1,0
2021-04-06,4073.9399,1,0
2021-04-07,4079.95,1,0
2021-04-08,4097.1699,1,0
2021-04-09,4128.7998,1,0
2021-04-12,4127.9902,1,0
2021-04-13,4141.5898,1,0
2021-04-14,4124.6602,1,0
2021-04-15,4170.4199,1,0
2021-04-16,4185.4702,1,0
2021-04-19,4163.2598,1,0
2021-04-20,4134.9399,1,0
2021-04-21,4173.4199,1,0
2021-04-22,4134.98,1,0
2021-04-23,4180.1699,1,0
2021-04-26,4187.6201,1,0
2021-04-27,4186.7202,1,0
2021-04-28,4183.1802,1,0
2021-04-29,4211.4702,1,0
2021-04-30,4181.1699,1,0
2021-05-03,4192.6602,1,0
2021-05-04,4164.6602,1,0
2021-05-05,4167.5898,1,0
2021-05-06,4201.6201,1,0
2021-05-07,4232.6001,1,0
2021-05-10,4188.4302,1,0
2021-05-11,4152.1001,1,0
2021-05-12,4063.04,1,0
2021-05-13,4112.5,1,0
2021-05-14,4173.8501,1,0
2021-05-17,4163.29,1,0
2021-05-18,4127.8301,1,0
2021-05-19,4115.6802,1,0
2021-05-20,4159.1201,1,0
2021-05-21,4155.8599,1,0
2021-05-24,4197.0498,1,0
2021-05-25,4188.1299,1,0
2021-05-26,4195.9902,1,0
2021-05-27,4200.8799,1,0
2021-05-28,4204.1099,1,0
2021-06-01,4202.04,1,0
2021-06-02,4208.1201,1,0
2021-06-03,4192.8501,1,0
2021-06-04,4229.8901,1,0
2021-06-07,4226.52,1,0
2021-06-08,4227.2598,1,0
2021-06-09,4219.5498,1,0
2021-06-10,4239.1802,1,0
2021-06-11,4247.4399,1,0
2021-06-14,4255.1499,1,0
2021-06-15,4246.5898,1,0
2021-06-16,4223.7002,1,0
2021-06-17,4221.8599,1,0
2021-06-18,4166.4502,1,0
2021-06-21,4224.79,1,0
2021-06-22,4246.4399,1,0
2021-06-23,4241.8398,1,0
2021-06-24,4266.4902,1,0
2021-06-25,4280.7002,1,0
2021-06-28,4290.6099,1,0
2021-06-29,4291.7998,1,0
2021-06-30,4297.5,1,0
2021-07-01,4319.9399,1,0
2021-07-02,4352.3398,1,0
2021-07-06,4343.54,1,0
2021-07-07,4358.1299,1,0
2021-07-08,4320.8198,1,0
2021-07-09,4369.5498,1,0
2021-07-12,4384.6299,1,0
2021-07-13,4369.21,1,0
2021-07-14,4374.2998,1,0
2021-07-15,4360.0298,1,0
2021-07-16,4327.1602,1,0
2021-07-19,4258.4902,1,0
2021-07-20,4323.0601,1,0
2021-07-21,4358.6899,1,0
2021-07-22,4367.48,1,0
2021-07-23,4411.79,1,0
2021-07-26,4422.2998,1,0
2021-07-27,4401.46,1,0
2021-07-28,4400.6401,1,0
2021-07-29,4419.1499,1,0
2021-07-30,4395.2598,1,0
2021-08-02,4387.1602,1,0
2021-08-03,4423.1499,1,0
2021-08-04,4402.6602,1,0
2021-08-05,4429.1001,1,0
2021-08-06,4436.52,1,0
2021-08-09,4432.3501,1,0
2021-08-10,4436.75,1,0
2021-08-11,4442.4102,1,0
2021-08-12,4460.8301,1,0
2021-08-13,4468.0,1,0
2021-08-16,4479.71,1,0
2021-08-17,4448.0801,1,0
2021-08-18,4400.27,1,0
2021-08-19,4405.7998,1,0
2021-08-20,4441.6699,1,0
2021-08-23,4479.5298,1,0
2021-08-24,4486.23,1,0
2021-08-25,4496.1899,1,0
2021-08-26,4470.0,1,0
2021-08-27,4509.3701,1,0
2021-08-30,4528.79,1,0
2021-08-31,4522.6802,1,0
2021-09-01,4524.0898,1,0
2021-09-02,4536.9502,1,0
2021-09-03,4535.4302,1,0
2021-09-07,4520.0298,1,0
2021-09-08,4514.0698,1,0
2021-09-09,4493.2798,1,0
2021-09-10,4458.5801,1,0
2021-09-13,4468.73,1,0
2021-09-14,4443.0498,1,0
2021-09-15,4480.7002,1,0
2021-09-16,4473.75,1,0
2021-09-17,4432.9902,1,0
2021-09-20,4357.73,1,0
2021-09-21,4354.1899,1,0
2021-09-22,4395.6401,1,0
2021-09-23,4448.98,1,0
2021-09-24,4455.48,1,0
2021-09-27,4443.1099,1,0
2021-09-28,4352.6299,1,0
2021-09-29,4359.46,1,0
2021-09-30,4307.54,0,0
2021-10-01,4357.04,1,0
2021-10-04,4300.46,0,0
2021-10-05,4345.7202,0,0
2021-10-06,4363.5498,1,0
2021-10-07,4399.7598,1,0
2021-10-08,4391.3398,1,0
2021-10-11,4361.1899,0,0
2021-10-12,4350.6499,0,0
2021-10-13,4363.7998,0,0
2021-10-14,4438.2598,1,0
2021-10-15,4471.3701,1,0
2021-10-18,4486.46,1,0
2021-10-19,4519.6299,1,0
2021-10-20,4536.1899,1,0
2021-10-21,4549.7798,1,0
2021-10-22,4544.8999,1,0
2021-10-25,4566.48,1,0
2021-10-26,4574.79,1,0
2021-10-27,4551.6802,1,0
2021-10-28,4596.4199,1,0
2021-10-29,4605.3799,1,0
2021-11-01,4613.6699,1,0
2021-11-02,4630.6499,1,0
2021-11-03,4660.5698,1,0
2021-11-04,4680.0601,1,0
2021-11-05,4697.5298,1,0
2021-11-08,4701.7002,1,0
2021-11-09,4685.25,1,0
2021-11-10,4646.71,1,0
2021-11-11,4649.27,1,0
2021-11-12,4682.8501,1,0
2021-11-15,4682.7998,1,0
2021-11-16,4700.8999,1,0
2021-11-17,4688.6699,1,0
2021-11-18,4704.54,1,0
2021-11-19,4697.96,1,0
2021-11-22,4682.9399,1,0
2021-11-23,4690.7002,1,0
2021-11-24,4701.46,1,0
2021-11-26,4594.6201,1,0
2021-11-29,4655.27,1,0
2021-11-30,4567.0,1,0
2021-12-01,4513.04,1,0
2021-12-02,4577.1001,1,0
2021-12-03,4538.4302,1,0
2021-12-06,4591.6699,1,0
2021-12-07,4686.75,1,0
2021-12-08,4701.21,1,0
2021-12-09,4667.4502,1,0
2021-12-10,4712.02,1,0
2021-12-13,4668.9702,1,0
2021-12-14,4634.0898,1,0
2021-12-15,4709.8501,1,0
2021-12-16,4668.6699,1,0
2021-12-17,4620.6401,1,0
2021-12-20,4568.02,1,0
2021-12-21,4649.23,1,0
2021-12-22,4696.5601,1,0
2021-12-23,4725.79,1,0
2021-12-27,4791.1899,1,0
2021-12-28,4786.3501,1,0
2021-12-29,4793.0601,1,0
2021-12-30,4778.73,1,0
2021-12-31,4766.1802,1,0
2022-01-03,4796.5601,1,0
2022-01-04,4793.54,1,0
2022-01-05,4700.5801,1,0
2022-01-06,4696.0498,1,0
2022-01-07,4677.0298,1,0
2022-01-10,4670.29,1,0
2022-01-11,4713.0698,1,0
2022-01-12,4726.3501,1,0
2022-01-13,4659.0298,1,0
2022-01-14,4662.8501,1,0
2022-01-18,4577.1099,0,0
2022-01-19,4532.7598,0,0
2022-01-20,4482.73,0,0
2022-01-21,4397.9399,0,0
2022-01-24,4410.1299,0,0
2022-01-25,4356.4502,0,0
2022-01-26,4349.9302,0,0
2022-01-27,4326.5098,0,1
2022-01-28,4431.8501,0,0
2022-01-31,4515.5498,0,0
2022-02-01,4546.54,0,0
2022-02-02,4589.3799,1,0
2022-02-03,4477.4399,0,0
2022-02-04,4500.5298,0,0
2022-02-07,4483.8701,0,0
2022-02-08,4521.54,0,0
2022-02-09,4587.1802,1,0
2022-02-10,4504.0801,0,0
2022-02-11,4418.6401,0,0
2022-02-14,4401.6699,0,0
2022-02-15,4471.0698,0,0
2022-02-16,4475.0098,0,0
2022-02-17,4380.2598,0,1
2022-02-18,4348.8701,0,1
2022-02-22,4304.7598,0,1
2022-02-23,4225.5,0,1
2022-02-24,4288.7002,0,1
2022-02-25,4384.6499,0,1
2022-02-28,4373.9399,0,1
2022-03-01,4306.2598,0,1
2022-03-02,4386.54,0,1
2022-03-03,4363.4902,0,1
2022-03-04,4328.8701,0,1
2022-03-07,4201.0898,0,1
2022-03-08,4170.7002,0,1
2022-03-09,4277.8799,0,1
2022-03-10,4259.52,0,1
2022-03-11,4204.3101,0,1
2022-03-14,4173.1099,0,1
2022-03-15,4262.4502,0,1
2022-03-16,4357.8599,0,1
2022-03-17,4411.6699,0,1
2022-03-18,4463.1201,0,0
2022-03-21,4461.1802,0,0
2022-03-22,4511.6099,0,0
2022-03-23,4456.2402,0,0
2022-03-24,4520.1602,0,0
2022-03-25,4543.0601,1,0
2022-03-28,4575.52,1,0
2022-03-29,4631.6001,1,0
2022-03-30,4602.4502,1,0
2022-03-31,4530.4102,0,0
2022-04-01,4545.8599,1,0
2022-04-04,4582.6401,1,0
2022-04-05,4525.1201,0,0
2022-04-06,4481.1499,0,0
2022-04-07,4500.21,0,0
2022-04-08,4488.2798,0,0
2022-04-11,4412.5298,0,1
2022-04-12,4397.4502,0,1
2022-04-13,4446.5898,0,0
2022-04-14,4392.5898,0,1
2022-04-18,4391.6899,0,1
2022-04-19,4462.21,0,0
2022-04-20,4459.4502,0,0
2022-04-21,4393.6602,0,1
2022-04-22,4271.7798,0,1
2022-04-25,4296.1201,0,1
2022-04-26,4175.2002,0,1
2022-04-27,4183.96,0,1
2022-04-28,4287.5,0,1
2022-04-29,4131.9302,0,1
2022-05-02,4155.3799,0,1
2022-05-03,4175.48,0,1
2022-05-04,4300.1699,0,1
2022-05-05,4146.8701,0,1
2022-05-06,4123.3398,0,1
2022-05-09,3991.24,0,1
2022-05-10,4001.05,0,1
2022-05-11,3935.1799,0,1
2022-05-12,3930.0801,0,1
2022-05-13,4023.8899,0,1
2022-05-16,4008.01,0,1
2022-05-17,4088.8501,0,1
2022-05-18,3923.6799,0,1
2022-05-19,3900.79,0,1
2022-05-20,3901.3601,0,1
2022-05-23,3973.75,0,1
2022-05-24,3941.48,0,1
2022-05-25,3978.73,0,1
2022-05-26,4057.8401,0,1
2022-05-27,4158.2402,0,1
2022-05-31,4132.1499,0,1
2022-06-01,4101.23,0,1
2022-06-02,4176.8198,0,1
2022-06-03,4108.54,0,1
2022-06-06,4121.4302,0,1
2022-06-07,4160.6802,0,1
2022-06-08,4115.77,0,1
2022-06-09,4017.8201,0,1
2022-06-10,3900.8601,0,1
2022-06-13,3749.6299,0,1
2022-06-14,3735.48,0,1
2022-06-15,3789.99,0,1
2022-06-16,3666.77,0,1
2022-06-17,3674.8401,0,1
2022-06-21,3764.79,0,1
2022-06-22,3759.8899,0,1
2022-06-23,3795.73,0,1
2022-06-24,3911.74,0,1
2022-06-27,3900.1101,0,1
2022-06-28,3821.55,0,1
2022-06-29,3818.8301,0,1
2022-06-30,3785.3799,0,1
2022-07-01,3825.3301,0,1
2022-07-05,3831.3899,0,1
2022-07-06,3845.0801,0,1
2022-07-07,3902.6201,0,1
2022-07-08,3899.3799,0,1
2022-07-11,3854.4299,0,1
2022-07-12,3818.8,0,1
2022-07-13,3801.78,0,1
2022-07-14,3790.3799,0,1
2022-07-15,3863.1599,0,1
2022-07-18,3830.8501,0,1
2022-07-19,3936.6899,0,1
2022-07-20,3959.8999,0,1
2022-07-21,3998.95,0,1
2022-07-22,3961.6299,0,1
2022-07-25,3966.8401,0,1
2022-07-26,3921.05,0,1
2022-07-27,4023.6101,0,1
2022-07-28,4072.4299,0,1
2022-07-29,4130.29,0,1
2022-08-01,4118.6299,0,1
2022-08-02,4091.1899,0,1
2022-08-03,4155.1699,0,1
2022-08-04,4151.9399,0,1
2022-08-05,4145.1899,0,1
2022-08-08,4140.0601,0,1
2022-08-09,4122.4702,0,1
2022-08-10,4210.2402,0,1
2022-08-11,4207.27,0,1
2022-08-12,4280.1499,0,1
2022-08-15,4297.1401,0,1
2022-08-16,4305.2002,0,1
2022-08-17,4274.04,0,1
2022-08-18,4283.7402,0,1
2022-08-19,4228.48,0,1
2022-08-22,4137.9902,0,1
2022-08-23,4128.73,0,1
2022-08-24,4140.77,0,1
2022-08-25,4199.1201,0,1
2022-08-26,4057.6599,0,1
2022-08-29,4030.6101,0,1
2022-08-30,3986.1599,0,1
2022-08-31,3955.0,0,1
2022-09-01,3966.8501,0,1
2022-09-02,3924.26,0,1
2022-09-06,3908.1899,0,1
2022-09-07,3979.8701,0,1
2022-09-08,4006.1799,0,1
2022-09-09,4067.3601,0,1
2022-09-12,4110.4102,0,1
2022-09-13,3932.6899,0,1
2022-09-14,3946.01,0,1
2022-09-15,3901.3501,0,1
2022-09-16,3873.3301,0,1
2022-09-19,3899.8899,0,1
2022-09-20,3855.9299,0,1
2022-09-21,3789.9299,0,1
2022-09-22,3757.99,0,1
2022-09-23,3693.23,0,1
2022-09-26,3655.04,0,1
2022-09-27,3647.29,0,1
2022-09-28,3719.04,0,1
2022-09-29,3640.47,0,1
2022-09-30,3585.6201,0,1
2022-10-03,3678.4299,0,1
2022-10-04,3790.9299,0,1
2022-10-05,3783.28,0,1
2022-10-06,3744.52,0,1
2022-10-07,3639.6599,0,1
2022-10-10,3612.3899,0,1
2022-10-11,3588.8401,0,1
2022-10-12,3577.03,0,1
2022-10-13,3669.9099,0,1
2022-10-14,3583.0701,0,1
2022-10-17,3677.95,0,1
2022-10-18,3719.98,0,1
2022-10-19,3695.1599,0,1
2022-10-20,3665.78,0,1
2022-10-21,3752.75,0,1
2022-10-24,3797.3401,0,1
2022-10-25,3859.1101,0,1
2022-10-26,3830.6001,0,1
2022-10-27,3807.3,0,1
2022-10-28,3901.0601,0,1
2022-10-31,3871.98,0,1
2022-11-01,3856.1001,0,1
2022-11-02,3759.6899,0,1
2022-11-03,3719.8899,0,1
2022-11-04,3770.55,0,1
2022-11-07,3806.8,0,1
2022-11-08,3828.1101,0,1
2022-11-09,3748.5701,0,1
2022-11-10,3956.3701,0,1
2022-11-11,3992.9299,0,1
2022-11-14,3957.25,0,1
2022-11-15,3991.73,0,1
2022-11-16,3958.79,0,1
2022-11-17,3946.5601,0,1
2022-11-18,3965.3401,0,1
2022-11-21,3949.9399,0,1
2022-11-22,4003.5801,0,1
2022-11-23,4027.26,0,1
2022-11-25,4026.1201,0,1
2022-11-28,3963.9399,0,1
2022-11-29,3957.6299,0,1
2022-11-30,4080.1101,0,1
2022-12-01,4076.5701,0,1
2022-12-02,4071.7,0,1
2022-12-05,3998.8401,0,1
2022-12-06,3941.26,0,1
2022-12-07,3933.9199,0,1
2022-12-08,3963.51,0,1
2022-12-09,3934.3799,0,1
2022-12-12,3990.5601,0,1
2022-12-13,4019.6499,0,1
2022-12-14,3995.3201,0,1
2022-12-15,3895.75,0,1
2022-12-16,3852.3601,0,1
2022-12-19,3817.6599,0,1
2022-12-20,3821.6201,0,1
2022-12-21,3878.4399,0,1
2022-12-22,3822.3899,0,1
2022-12-23,3844.8201,0,1
2022-12-27,3829.25,0,1
2022-12-28,3783.22,0,1
2022-12-29,3849.28,0,1
2022-12-30,3839.5,0,1
2023-01-03,3824.1399,0,1
2023-01-04,3852.97,0,1
2023-01-05,3808.1001,0,1
2023-01-06,3895.0801,0,1
2023-01-09,3892.0901,0,1
2023-01-10,3919.25,0,1
2023-01-11,3969.6101,0,1
2023-01-12,3983.1699,0,1
2023-01-13,3999.0901,0,1
2023-01-17,3990.97,0,1
2023-01-18,3928.8601,0,1
2023-01-19,3898.8501,0,1
2023-01-20,3972.6101,0,1
2023-01-23,4019.8101,0,1
2023-01-24,4016.95,0,1
2023-01-25,4016.22,0,1
2023-01-26,4060.4299,0,0
2023-01-27,4070.5601,0,0
2023-01-30,4017.77,0,1
2023-01-31,4076.6001,0,0
2023-02-01,4119.21,0,0
2023-02-02,4179.7598,0,0
2023-02-03,4136.48,0,0
2023-02-06,4111.0801,0,0
2023-02-07,4164.0,0,0
2023-02-08,4117.8599,0,0
2023-02-09,4081.5,0,0
2023-02-10,4090.46,0,0
2023-02-13,4137.29,0,0
2023-02-14,4136.1299,0,0
2023-02-15,4147.6001,0,0
2023-02-16,4090.4099,0,0
2023-02-17,4079.0901,0,0
2023-02-21,3997.3401,0,1
2023-02-22,3991.05,0,1
2023-02-23,4012.3201,0,1
2023-02-24,3970.04,0,1
2023-02-27,3982.24,0,1
2023-02-28,3970.1499,0,1
2023-03-01,3951.3899,0,1
2023-03-02,3981.3501,0,1
2023-03-03,4045.6399,0,0
2023-03-06,4048.4199,0,0
2023-03-07,3986.3701,0,1
2023-03-08,3992.01,0,1
2023-03-09,3918.3201,0,1
2023-03-10,3861.5901,0,1
2023-03-13,3855.76,0,1
2023-03-14,3919.29,0,1
2023-03-15,3891.9299,0,1
2023-03-16,3960.28,0,1
2023-03-17,3916.6399,0,1
2023-03-20,3951.5701,0,1
2023-03-21,4002.8701,0,0
2023-03-22,3936.97,0,1
2023-03-23,3948.72,0,1
2023-03-24,3970.99,0,1
2023-03-27,3977.53,0,0
2023-03-28,3971.27,0,0
2023-03-29,4027.8101,0,0
2023-03-30,4050.8301,0,0
2023-03-31,4109.3101,0,0
2023-04-03,4124.5098,0,0
2023-04-04,4100.6001,0,0
2023-04-05,4090.3799,0,0
2023-04-06,4105.02,0,0
2023-04-10,4109.1099,0,0
2023-04-11,4108.9399,0,0
2023-04-12,4091.95,0,0
2023-04-13,4146.2202,0,0
2023-04-14,4137.6401,0,0
2023-04-17,4151.3198,0,0
2023-04-18,4154.8701,0,0
2023-04-19,4154.52,0,0
2023-04-20,4129.79,0,0
2023-04-21,4133.52,0,0
2023-04-24,4137.04,0,0
2023-04-25,4071.6299,0,0
2023-04-26,4055.99,0,0
2023-04-27,4135.3501,0,0
2023-04-28,4169.48,0,0
2023-05-01,4167.8701,0,0
2023-05-02,4119.5801,0,0
2023-05-03,4090.75,0,0
2023-05-04,4061.22,0,0
2023-05-05,4136.25,0,0
2023-05-08,4138.1201,0,0
2023-05-09,4119.1699,0,0
2023-05-10,4137.6401,0,0
2023-05-11,4130.6201,0,0
2023-05-12,4124.0801,0,0
2023-05-15,4136.2798,0,0
2023-05-16,4109.8999,0,0
2023-05-17,4158.77,0,0
2023-05-18,4198.0498,0,0
2023-05-19,4191.98,0,0
2023-05-22,4192.6299,0,0
2023-05-23,4145.5801,0,0
2023-05-24,4115.2402,0,0
2023-05-25,4151.2798,0,0
2023-05-26,4205.4502,1,0
2023-05-30,4205.52,1,0
2023-05-31,4179.8301,0,0
2023-06-01,4221.02,1,0
2023-06-02,4282.3701,1,0
2023-06-05,4273.79,1,0
2023-06-06,4283.8501,1,0
2023-06-07,4267.52,1,0
2023-06-08,4293.9302,1,0
2023-06-09,4298.8599,1,0
2023-06-12,4338.9302,1,0
2023-06-13,4369.0098,1,0
2023-06-14,4372.5898,1,0
2023-06-15,4425.8398,1,0
2023-06-16,4409.5898,1,0
2023-06-20,4388.71,1,0
2023-06-21,4365.6899,1,0
2023-06-22,4381.8901,1,0
2023-06-23,4348.3301,1,0
2023-06-26,4328.8198,1,0
2023-06-27,4378.4102,1,0
2023-06-28,4376.8599,1,0
2023-06-29,4396.4399,1,0
2023-06-30,4450.3799,1,0
2023-07-03,4455.5898,1,0
2023-07-05,4446.8198,1,0
2023-07-06,4411.5898,1,0
2023-07-07,4398.9502,1,0
2023-07-10,4409.5298,1,0
2023-07-11,4439.2598,1,0
2023-07-12,4472.1602,1,0
2023-07-13,4510.04,1,0
2023-07-14,4505.4199,1,0
2023-07-17,4522.79,1,0
2023-07-18,4554.98,1,0
2023-07-19,4565.7202,1,0
2023-07-20,4534.8701,1,0
2023-07-21,4536.3398,1,0
2023-07-24,4554.6401,1,0
2023-07-25,4567.46,1,0
2023-07-26,4566.75,1,0
2023-07-27,4537.4102,1,0
2023-07-28,4582.23,1,0
2023-07-31,4588.96,1,0
2023-08-01,4576.73,1,0
2023-08-02,4513.3901,1,0
2023-08-03,4501.8901,1,0
2023-08-04,4478.0298,1,0
2023-08-07,4518.4399,1,0
2023-08-08,4499.3799,1,0
2023-08-09,4467.71,1,0
2023-08-10,4468.8301,1,0
2023-08-11,4464.0498,1,0
2023-08-14,4489.7202,1,0
2023-08-15,4437.8599,1,0
2023-08-16,4404.3301,1,0
2023-08-17,4370.3599,1,0
2023-08-18,4369.71,1,0
2023-08-21,4399.77,1,0
2023-08-22,4387.5498,1,0
2023-08-23,4436.0098,1,0
2023-08-24,4376.3101,1,0
2023-08-25,4405.71,1,0
2023-08-28,4433.3101,1,0
2023-08-29,4497.6299,1,0
2023-08-30,4514.8701,1,0
2023-08-31,4507.6602,1,0
2023-09-01,4515.77,1,0
2023-09-05,4496.8301,1,0
2023-09-06,4465.48,1,0
2023-09-07,4451.1401,1,0
2023-09-08,4457.4902,1,0
2023-09-11,4487.46,1,0
2023-09-12,4461.8999,1,0
2023-09-13,4467.4399,1,0
2023-09-14,4505.1001,1,0
2023-09-15,4450.3198,1,0
2023-09-18,4453.5298,1,0
2023-09-19,4443.9502,1,0
2023-09-20,4402.2002,1,0
2023-09-21,4330.0,0,0
2023-09-22,4320.0601,0,0
2023-09-25,4337.4399,0,0
2023-09-26,4273.5298,0,0
2023-09-27,4274.5098,0,0
2023-09-28,4299.7002,0,0
2023-09-29,4288.0498,0,0
2023-10-02,4288.3901,0,0
2023-10-03,4229.4502,0,0
2023-10-04,4263.75,0,0
2023-10-05,4258.1899,0,0
2023-10-06,4308.5,0,0
2023-10-09,4335.6602,0,0
2023-10-10,4358.2402,0,0
2023-10-11,4376.9502,0,0
2023-10-12,4349.6099,0,0
2023-10-13,4327.7798,0,0
2023-10-16,4373.6299,0,0
2023-10-17,4373.2002,0,0
2023-10-18,4314.6001,0,0
2023-10-19,4278.0,0,0
2023-10-20,4224.1602,0,0
2023-10-23,4217.04,0,0
2023-10-24,4247.6802,0,0
2023-10-25,4186.77,0,0
2023-10-26,4137.23,0,1
2023-10-27,4117.3701,0,1
2023-10-30,4166.8198,0,1
2023-10-31,4193.7998,0,0
2023-11-01,4237.8599,0,0
2023-11-02,4317.7798,0,0
2023-11-03,4358.3398,0,0
2023-11-06,4365.98,0,0
2023-11-07,4378.3799,0,0
2023-11-08,4382.7798,0,0
2023-11-09,4347.3501,0,0
2023-11-10,4415.2402,1,0
2023-11-13,4411.5498,1,0
2023-11-14,4495.7002,1,0
2023-11-15,4502.8799,1,0
2023-11-16,4508.2402,1,0
2023-11-17,4514.02,1,0
2023-11-20,4547.3799,1,0
2023-11-21,4538.1899,1,0
2023-11-22,4556.6201,1,0
2023-11-24,4559.3398,1,0
2023-11-27,4550.4302,1,0
2023-11-28,4554.8901,1,0
2023-11-29,4550.5801,1,0
2023-11-30,4567.7998,1,0
2023-12-01,4594.6299,1,0
2023-12-04,4569.7798,1,0
2023-12-05,4567.1802,1,0
2023-12-06,4549.3398,1,0
2023-12-07,4585.5898,1,0
2023-12-08,4604.3701,1,0
2023-12-11,4622.4399,1,0
2023-12-12,4643.7002,1,0
2023-12-13,4707.0898,1,0
2023-12-14,4719.5498,1,0
2023-12-15,4719.1899,1,0
2023-12-18,4740.5601,1,0
2023-12-19,4768.3701,1,0
2023-12-20,4698.3501,1,0
2023-12-21,4746.75,1,0
2023-12-22,4754.6299,1,0
2023-12-26,4774.75,1,0
2023-12-27,4781.5801,1,0
2023-12-28,4783.3501,1,0
2023-12-29,4769.8301,1,0
2024-01-02,4742.8301,1,0
2024-01-03,4704.8101,1,0
2024-01-04,4688.6802,1,0
2024-01-05,4697.2402,1,0
2024-01-08,4763.54,1,0
2024-01-09,4756.5,1,0
2024-01-10,4783.4502,1,0
2024-01-11,4780.2402,1,0
2024-01-12,4783.8301,1,0
2024-01-16,4765.98,1,0
2024-01-17,4739.21,1,0
2024-01-18,4780.9399,1,0
2024-01-19,4839.8101,1,0
2024-01-22,4850.4302,1,0
2024-01-23,4864.6001,1,0
2024-01-24,4868.5498,1,0
2024-01-25,4894.1602,1,0
2024-01-26,4890.9702,1,0
