,GOOG,MSFT
2015-01-02,,
2015-01-05,,
2015-01-06,,
2015-01-07,,
2015-01-08,,
2015-01-09,,
2015-01-12,,
2015-01-13,,
2015-01-14,,
2015-01-15,,
2015-01-16,,
2015-01-20,,
2015-01-21,,
2015-01-22,,
2015-01-23,,
2015-01-26,,
2015-01-27,,
2015-01-28,,
2015-01-29,,
2015-01-30,,
2015-02-02,,
2015-02-03,,
2015-02-04,,
2015-02-05,,
2015-02-06,,
2015-02-09,,
2015-02-10,,
2015-02-11,,
2015-02-12,,
2015-02-13,,
2015-02-17,,
2015-02-18,,
2015-02-19,,
2015-02-20,,
2015-02-23,,
2015-02-24,,
2015-02-25,,
2015-02-26,,
2015-02-27,,
2015-03-02,,
2015-03-03,,
2015-03-04,,
2015-03-05,,
2015-03-06,,
2015-03-09,,
2015-03-10,,
2015-03-11,,
2015-03-12,,
2015-03-13,,
2015-03-16,,
2015-03-17,,
2015-03-18,,
2015-03-19,,
2015-03-20,,
2015-03-23,,
2015-03-24,,
2015-03-25,,
2015-03-26,,
2015-03-27,,
2015-03-30,,
2015-03-31,,
2015-04-01,,
2015-04-02,,
2015-04-06,,
2015-04-07,,
2015-04-08,,
2015-04-09,,
2015-04-10,,
2015-04-13,,
2015-04-14,,
2015-04-15,,
2015-04-16,,
2015-04-17,,
2015-04-20,,
2015-04-21,,
2015-04-22,,
2015-04-23,,
2015-04-24,,
2015-04-27,,
2015-04-28,,
2015-04-29,,
2015-04-30,,
2015-05-01,,
2015-05-04,,
2015-05-05,,
2015-05-06,,
2015-05-07,,
2015-05-08,,
2015-05-11,,
2015-05-12,,
2015-05-13,,
2015-05-14,,
2015-05-15,,
2015-05-18,,
2015-05-19,,
2015-05-20,,
2015-05-21,,
2015-05-22,,
2015-05-26,,
2015-05-27,,
2015-05-28,,
2015-05-29,,
2015-06-01,,
2015-06-02,,
2015-06-03,,
2015-06-04,,
2015-06-05,,
2015-06-08,,
2015-06-09,,
2015-06-10,,
2015-06-11,,
2015-06-12,,
2015-06-15,,
2015-06-16,,
2015-06-17,,
2015-06-18,,
2015-06-19,,
2015-06-22,,
2015-06-23,,
2015-06-24,,
2015-06-25,,
2015-06-26,,
2015-06-29,,
2015-06-30,,
2015-07-01,,
2015-07-02,,
2015-07-06,,
2015-07-07,,
2015-07-08,,
2015-07-09,,
2015-07-10,,
2015-07-13,,
2015-07-14,,
2015-07-15,,
2015-07-16,,
2015-07-17,,
2015-07-20,,
2015-07-21,,
2015-07-22,,
2015-07-23,,
2015-07-24,,
2015-07-27,,
2015-07-28,,
2015-07-29,,
2015-07-30,,
2015-07-31,,
2015-08-03,,
2015-08-04,,
2015-08-05,,
2015-08-06,,
2015-08-07,,
2015-08-10,,
2015-08-11,,
2015-08-12,,
2015-08-13,,
2015-08-14,,
2015-08-17,,
2015-08-18,,
2015-08-19,,
2015-08-20,,
2015-08-21,,
2015-08-24,,
2015-08-25,,
2015-08-26,,
2015-08-27,,
2015-08-28,,
2015-08-31,,
2015-09-01,,
2015-09-02,,
2015-09-03,,
2015-09-04,,
2015-09-08,,
2015-09-09,,
2015-09-10,,
2015-09-11,,
2015-09-14,,
2015-09-15,,
2015-09-16,,
2015-09-17,,
2015-09-18,,
2015-09-21,,
2015-09-22,,
2015-09-23,,
2015-09-24,,
2015-09-25,,
2015-09-28,,
2015-09-29,,
2015-09-30,,
2015-10-01,,
2015-10-02,,
2015-10-05,,
2015-10-06,,
2015-10-07,,
2015-10-08,,
2015-10-09,,
2015-10-12,,
2015-10-13,,
2015-10-14,,
2015-10-15,,
2015-10-16,,
2015-10-19,,
2015-10-20,,
2015-10-21,,
2015-10-22,,
2015-10-23,,
2015-10-26,,
2015-10-27,,
2015-10-28,,
2015-10-29,,
2015-10-30,,
2015-11-02,,
2015-11-03,,
2015-11-04,,
2015-11-05,,
2015-11-06,,
2015-11-09,,
2015-11-10,,
2015-11-11,,
2015-11-12,,
2015-11-13,,
2015-11-16,,
2015-11-17,,
2015-11-18,,
2015-11-19,,
2015-11-20,,
2015-11-23,,
2015-11-24,,
2015-11-25,,
2015-11-27,,
2015-11-30,,
2015-12-01,,
2015-12-02,,
2015-12-03,,
2015-12-04,,
2015-12-07,,
2015-12-08,,
2015-12-09,,
2015-12-10,,
2015-12-11,,
2015-12-14,,
2015-12-15,,
2015-12-16,,
2015-12-17,,
2015-12-18,,
2015-12-21,,
2015-12-22,,
2015-12-23,,
2015-12-24,,
2015-12-28,,
2015-12-29,,
2015-12-30,,
2015-12-31,,
2016-01-04,,
2016-01-05,,
2016-01-06,,
2016-01-07,,
2016-01-08,,
2016-01-11,,
2016-01-12,,
2016-01-13,,
2016-01-14,,
2016-01-15,,
2016-01-19,,
2016-01-20,,
2016-01-21,,
2016-01-22,,
2016-01-25,,
2016-01-26,,
2016-01-27,,
2016-01-28,,
2016-01-29,,
2016-02-01,,
2016-02-02,,
2016-02-03,,
2016-02-04,,
2016-02-05,,
2016-02-08,,
2016-02-09,,
2016-02-10,,
2016-02-11,,
2016-02-12,,
2016-02-16,,
2016-02-17,,
2016-02-18,,
2016-02-19,,
2016-02-22,,
2016-02-23,,
2016-02-24,,
2016-02-25,,
2016-02-26,,
2016-02-29,,
2016-03-01,,
2016-03-02,,
2016-03-03,,
2016-03-04,,
2016-03-07,,
2016-03-08,,
2016-03-09,,
2016-03-10,,
2016-03-11,,
2016-03-14,,
2016-03-15,1.8600446463185003,2.109458065271849
2016-03-16,1.8088835282638982,2.0768332002568943
2016-03-17,1.7717279877261867,2.0768332002568948
2016-03-18,1.7717279877261864,2.240536548547614
2016-03-21,1.7717279877261864,2.240536548547614
2016-03-22,1.7084140263156766,2.0768332002568943
2016-03-23,1.5644877420445993,1.9143989330552864
2016-03-24,1.4448294386684717,1.8696686224666879
2016-03-28,1.397826636751629,1.842892748597176
2016-03-29,1.397826636751629,1.8428927485971758
2016-03-30,1.3631549614011038,1.8175104176408567
2016-03-31,1.3631549614011038,1.8175104176408563
2016-04-01,1.3631549614011038,1.8175104176408567
2016-04-04,1.3631549614011038,1.8175104176408567
2016-04-05,1.3389022254446634,1.7992906788432939
2016-04-06,1.3389022254446634,1.7945666005043295
2016-04-07,1.3389022254446634,1.6895843683167517
2016-04-08,1.3348334670794415,1.6750870723507485
2016-04-11,1.3134665864590098,1.6750870723507485
2016-04-12,1.3134665864590098,1.675087072350749
2016-04-13,1.3348334670794415,1.664573317008798
2016-04-14,1.3134665864590098,1.5523393724847747
2016-04-15,1.3134665864590098,1.50032921373238
2016-04-18,1.3134665864590098,1.50032921373238
2016-04-19,1.3348334670794415,1.5003292137323803
2016-04-20,1.3348334670794415,1.5523393724847745
2016-04-21,1.342678098377445,1.5523393724847738
2016-04-22,1.3686922871178897,1.664573317008798
2016-04-25,1.3686922871178897,1.5523393724847745
2016-04-26,1.3686922871178897,1.5523393724847745
2016-04-27,1.396841123876836,1.6645733170087977
2016-04-28,1.4172540556077005,1.7800693045383271
2016-04-29,1.396841123876836,1.780069304538327
2016-05-02,1.3914754980021922,1.8003867384663206
2016-05-03,1.3914754980021922,1.8003867384663206
2016-05-04,1.3914754980021922,1.7843747657912823
2016-05-05,1.363326661243246,1.7843747657912823
2016-05-06,1.3914754980021922,1.715925850763615
2016-05-09,1.3914754980021922,1.7159258507636148
2016-05-10,1.363326661243246,1.705386885361056
2016-05-11,1.3914754980021922,1.705386885361056
2016-05-12,1.4190564234722531,1.75571705486088
2016-05-13,1.4190564234722531,1.7557170548608805
2016-05-16,1.4363990893041727,1.75571705486088
2016-05-17,1.4363990893041727,1.75571705486088
2016-05-18,1.4903658786000122,1.7008323949535291
2016-05-19,1.4903658786000122,1.700832394953529
2016-05-20,1.4903658786000122,1.6635314097986886
2016-05-23,1.4903658786000122,1.6635314097986889
2016-05-24,1.4903658786000122,1.6635314097986886
2016-05-25,1.4088181638341115,1.640188686152937
2016-05-26,1.3471793044256422,1.6235362898213952
2016-05-27,1.3684138617384298,1.6048690985358565
2016-05-31,1.3349197298053854,1.6048690985358562
2016-06-01,1.3349197298053854,1.558869464613538
2016-06-02,1.267727703373532,1.6048690985358565
2016-06-03,1.2749725527440705,1.6048690985358565
2016-06-06,1.2749725527440705,1.6048690985358562
2016-06-07,1.2749725527440705,1.6048690985358567
2016-06-08,1.2749725527440705,1.5865711809739127
2016-06-09,1.2239623870892318,1.5865711809739125
2016-06-10,1.2239623870892318,1.5865711809739125
2016-06-13,1.2396846187612611,1.5865711809739125
2016-06-14,1.2396846187612611,1.4912388732043669
2016-06-15,1.2239623870892318,1.3711074966685353
2016-06-16,1.2239623870892318,1.3711074966685355
2016-06-17,1.2239623870892318,1.2799453577260829
2016-06-20,1.2239623870892318,1.2799453577260833
2016-06-21,1.2396846187612611,1.279945357726083
2016-06-22,1.2239623870892318,1.2130246388181507
2016-06-23,1.2396846187612611,1.213024638818151
2016-06-24,1.2724241024702378,1.4000767342619147
2016-06-27,1.2724241024702378,1.5905401871633398
2016-06-28,1.2724241024702378,1.5905401871633396
2016-06-29,1.2724241024702378,1.6079430544810007
2016-06-30,1.2772240232453402,1.5905401871633396
2016-07-01,1.2772240232453402,1.5805895978578977
2016-07-05,1.2479092253020814,1.580589597857898
2016-07-06,1.2772240232453402,1.6079430544810005
2016-07-07,1.304600836520922,1.6079430544810005
2016-07-08,1.3108746483636835,1.6079430544810007
2016-07-11,1.304600836520922,1.580589597857898
2016-07-12,1.304600836520922,1.5560866171360717
2016-07-13,1.3019015467135686,1.556086617136072
2016-07-14,1.3019015467135686,1.5560866171360723
2016-07-15,1.2745247334379868,1.509946555290885
2016-07-18,1.2745247334379868,1.5099465552908853
2016-07-19,1.2356135939336046,1.5099465552908848
2016-07-20,1.1891568552715848,1.509946555290885
2016-07-21,1.1891568552715848,1.5099465552908853
2016-07-22,1.1219896711112702,1.4846399164661084
2016-07-25,1.0810307226825868,1.467591691479864
2016-07-26,1.0413629806365607,1.419127315355362
2016-07-27,1.005275382823805,1.322498847304033
2016-07-28,1.044943124869831,1.2706571766013313
2016-07-29,1.044943124869831,1.2615851414439816
2016-08-01,1.044943124869831,1.2403114722040829
2016-08-02,1.02096248426519,1.2403114722040829
2016-08-03,1.005275382823805,1.192177188491052
2016-08-04,1.0010433030347932,1.240311472204083
2016-08-05,1.0010433030347932,1.2403114722040829
2016-08-08,0.9863800875645955,1.2403114722040829
2016-08-09,1.0010433030347932,1.240311472204083
2016-08-10,0.9666874828945423,1.192177188491052
2016-08-11,0.9666874828945425,1.192177188491052
2016-08-12,0.9521103913739233,1.1223349761296864
2016-08-15,0.9212879530422875,1.083205780199845
2016-08-16,0.9212879530422876,1.0604453870625583
2016-08-17,0.9383221753912897,1.0132738088047757
2016-08-18,0.9383221753912896,1.013273808804776
2016-08-19,0.9383221753912897,0.9564442510122108
2016-08-22,0.9383221753912896,0.9564442510122108
2016-08-23,0.8986501871236952,0.9244658444043142
2016-08-24,0.898650187123695,0.8907956549710948
2016-08-25,0.898650187123695,0.8692561953792577
2016-08-26,0.8986501871236952,0.8692561953792578
2016-08-29,0.8986501871236952,0.8611785003806086
2016-08-30,0.898650187123695,0.8611785003806083
2016-08-31,0.8986501871236952,0.8611785003806084
2016-09-01,0.903776633917582,0.8611785003806083
2016-09-02,0.8689857829727711,0.8611785003806084
2016-09-06,0.903776633917582,0.8659711781275411
2016-09-07,0.8689857829727711,0.8659711781275413
2016-09-08,0.8736500373927486,0.8734555706801884
2016-09-09,0.903776633917582,0.8982800475237419
2016-09-12,0.9383221753912897,0.8982800475237419
2016-09-13,0.949413726248012,0.8982800475237417
2016-09-14,0.949413726248012,0.9608598312914219
2016-09-15,0.9784739350869638,1.013013955532628
2016-09-16,0.9784739350869638,1.042755545939806
2016-09-19,1.0381623894674603,1.0617729845259731
2016-09-20,1.0381623894674603,1.061772984525973
2016-09-21,1.104356244867469,1.064319851756652
2016-09-22,1.127732761617666,1.064319851756652
2016-09-23,1.104356244867469,1.064319851756652
2016-09-26,1.104356244867469,1.0617729845259731
2016-09-27,1.1325602419782128,1.0643198517566521
2016-09-28,1.1325602419782128,1.064319851756652
2016-09-29,1.1948510367904133,1.1997897819088859
2016-09-30,1.1948510367904133,1.0643198517566521
2016-10-03,1.1948510367904133,1.061772984525973
2016-10-04,1.1325602419782128,1.064319851756652
2016-10-05,1.1325602419782128,1.0791854256580082
2016-10-06,1.1325602419782128,1.0791854256580082
2016-10-07,1.1325602419782128,1.0639302035123
2016-10-10,1.1325602419782128,1.0587677110909968
2016-10-11,1.1325602419782128,1.0613145783216764
2016-10-12,1.011219141703624,1.074022933236705
2016-10-13,0.9687821356412972,1.0740229332367053
2016-10-14,1.038726279709068,1.0679576173145318
2016-10-17,1.038726279709068,1.0436300450473637
2016-10-18,1.063432513353474,1.017805474213569
2016-10-19,1.038726279709068,0.986680537860328
2016-10-20,1.0087143197900934,1.017805474213569
2016-10-21,1.0087143197900934,1.0554355764615222
2016-10-24,1.0087143197900934,1.0858284646508642
2016-10-25,1.0087143197900934,1.0554355764615222
2016-10-26,1.038726279709068,1.0858284646508642
2016-10-27,1.038726279709068,1.0858284646508642
2016-10-28,1.063432513353474,1.1479590954654717
2016-10-31,1.1100632383234386,1.1479590954654717
2016-11-01,1.211839553972531,1.2093161607653466
2016-11-02,1.3040855934072044,1.1418937795432988
2016-11-03,1.3814261004947554,1.1418937795432984
2016-11-04,1.4308138937921364,1.2176528041806116
2016-11-07,1.4308138937921364,1.2280206056219878
2016-11-08,1.4308138937921364,1.2143922117992827
2016-11-09,1.4701694183034502,1.214392211799283
2016-11-10,1.5614032968510625,1.2143922117992825
2016-11-11,1.5614032968510625,1.228020605621988
2016-11-14,1.6272356375960029,1.25945330803176
2016-11-15,1.6272356375960029,1.2910618999686094
2016-11-16,1.7096997009350368,1.3597387131514087
2016-11-17,1.7096997009350368,1.3597387131514087
2016-11-18,1.8669488898943618,1.3431895389086836
2016-11-21,1.866948889894362,1.2910618999686094
2016-11-22,1.8669488898943623,1.2910618999686096
2016-11-23,1.866948889894362,1.3431895389086832
2016-11-25,1.8669488898943618,1.3431895389086832
2016-11-28,1.866948889894362,1.315455757511687
2016-11-29,1.866948889894362,1.3641469145433534
2016-11-30,1.9629791634920415,1.3995827320761396
2016-12-01,1.962979163492041,1.4161319063188649
2016-12-02,1.9629791634920415,1.416131906318865
2016-12-05,1.8332221842392027,1.4409229810441275
2016-12-06,1.833222184239203,1.4409229810441275
2016-12-07,1.8425258724051936,1.5291304385856233
2016-12-08,1.613191760404204,1.4409229810441275
2016-12-09,1.4829898587980397,1.4161319063188649
2016-12-12,1.4829898587980397,1.4015607316935088
2016-12-13,1.4474751012308378,1.4015607316935088
2016-12-14,1.4264521348394288,1.4015607316935088
2016-12-15,1.398539807193099,1.3938586955577188
2016-12-16,1.398539807193099,1.3778674812395917
2016-12-19,1.398539807193099,1.379845480856961
2016-12-20,1.398539807193099,1.3798454808569607
2016-12-21,1.398539807193099,1.3798454808569607
2016-12-22,1.3614378917404455,1.3520715955487086
2016-12-23,1.3614378917404455,1.3520715955487086
2016-12-27,1.3335654208966914,1.3614467287182126
2016-12-28,1.3614378917404455,1.3496640577280876
2016-12-29,1.3275110959579872,1.2799965239727031
2016-12-30,1.3275110959579872,1.2799965239727031
2017-01-03,1.3275110959579872,1.2799965239727031
2017-01-04,1.3038852438357655,1.2163100194052614
2017-01-05,1.2761294985389855,1.2163100194052614
2017-01-06,1.2761294985389855,1.2163100194052614
2017-01-09,1.258367867067801,1.1949248004663442
2017-01-10,1.2292678436485411,1.194924800466344
2017-01-11,1.2292678436485411,1.240640947033551
2017-01-12,1.1983005431366751,1.240640947033551
2017-01-13,1.1154639668336137,1.1949248004663444
2017-01-17,1.0294589894945685,1.1563415147396998
2017-01-18,0.9574552823328889,1.118082308618216
2017-01-19,0.92645651575163,1.118082308618216
2017-01-20,0.9264565157516299,1.082556376086605
2017-01-23,0.9264565157516301,1.082556376086605
2017-01-24,0.9690677612185681,1.1070116194019226
2017-01-25,1.0000665277998266,1.04610716504319
2017-01-26,1.0000665277998266,1.04610716504319
2017-01-27,1.0000665277998266,1.1070116194019224
2017-01-30,1.0294589894945685,1.197055929619164
2017-01-31,1.0294589894945685,1.197055929619164
2017-02-01,1.0294589894945685,1.255803205016759
2017-02-02,1.105400780702311,1.255803205016759
2017-02-03,1.0000665277998266,1.255803205016759
2017-02-06,0.969067761218568,1.161529997087553
2017-02-07,1.0000665277998266,1.161529997087553
2017-02-08,1.0447185602827824,1.0581427167927604
2017-02-09,1.0447185602827829,1.0581427167927604
2017-02-10,1.025389284719344,1.032764194965639
2017-02-13,1.0253892847193435,1.0581427167927604
2017-02-14,1.0253892847193435,1.0644472637865958
2017-02-15,1.025389284719344,1.0644472637865958
2017-02-16,1.025389284719343,1.0644472637865958
2017-02-17,1.0253892847193435,1.0644472637865958
2017-02-21,0.9169637873102244,1.0644472637865958
2017-02-22,0.8271741913165603,1.032764194965639
2017-02-23,0.8271741913165606,1.017060677377703
2017-02-24,0.7879858918632701,1.0092073840262814
2017-02-27,0.7793130936507635,0.9604012523939565
2017-02-28,0.7793130936507637,0.8992892423199386
2017-03-01,0.7793130936507634,0.8992892423199386
2017-03-02,0.7653899636706505,0.8992892423199387
2017-03-03,0.7292039530966088,0.8992892423199385
2017-03-06,0.7653899636706505,0.8992892423199386
2017-03-07,0.7653899636706505,0.9199329949577145
2017-03-08,0.7586527453234588,0.979359125416666
2017-03-09,0.7586527453234586,1.028165257048991
2017-03-10,0.7188758478591597,0.9678112236266636
2017-03-13,0.7188758478591599,0.9965424909819206
2017-03-14,0.761455339094113,0.9371163605229692
2017-03-15,0.761455339094113,0.9371163605229691
2017-03-16,0.761455339094113,0.9371163605229692
2017-03-17,0.761455339094113,0.8858250423445989
2017-03-20,0.7497491157663344,0.8858250423445989
2017-03-21,0.761455339094113,0.9371163605229692
2017-03-22,0.7721940409150583,0.9965424909819206
2017-03-23,0.7721940409150583,0.9965424909819206
2017-03-24,0.7833145771245171,0.9965424909819206
2017-03-27,0.8055156404728026,1.0309931944173254
2017-03-28,0.8055156404728026,1.048307112019021
2017-03-29,0.8055156404728027,1.0309931944173254
2017-03-30,0.8055156404728024,0.9965424909819206
2017-03-31,0.8055156404728026,1.0002983313136309
2017-04-03,0.8779883150903381,1.0002983313136309
2017-04-04,0.8446667155325938,1.0002983313136309
2017-04-05,0.9283012993168395,1.0002983313136309
2017-04-06,0.9683470813784981,0.9546937119759425
2017-04-07,0.9878109146412064,0.9546937119759424
2017-04-10,0.9878109146412064,0.9091653034833592
2017-04-11,1.1041906593162585,0.9891444154113473
2017-04-12,1.104190659316259,0.9091653034833591
2017-04-13,1.1041906593162585,1.0027024926813328
2017-04-17,1.2242059006147663,1.0027024926813328
2017-04-18,1.2242059006147663,1.0027024926813328
2017-04-19,1.1041906593162585,1.0027024926813328
2017-04-20,1.0830694508605268,0.9374187529986665
2017-04-21,0.8549898902572324,1.0027024926813328
2017-04-24,0.8549898902572324,0.9374187529986663
2017-04-25,0.854989890257232,0.9030442604083667
2017-04-26,0.8478245881722642,0.9030442604083666
2017-04-27,0.7397387860411474,0.9374187529986663
2017-04-28,0.8478245881722641,0.9742733573943856
2017-05-01,0.9595244041005064,0.9742733573943858
2017-05-02,0.9595244041005064,0.9030442604083666
2017-05-03,1.0830694508605268,0.9505938462762537
2017-05-04,1.0830694508605268,0.9030442604083668
2017-05-05,1.0064645881892174,0.8862024564299529
2017-05-08,1.1317108520275494,0.9225679150140512
2017-05-09,1.1317108520275492,0.9225679150140514
2017-05-10,0.9992992861042491,0.9186128993250492
2017-05-11,1.03354311786029,0.9186128993250492
2017-05-12,1.0335431178602905,0.9024346896169196
2017-05-15,0.9866029337715789,0.9186128993250492
2017-05-16,0.9866029337715788,0.927342694234672
2017-05-17,1.03354311786029,0.927342694234672
2017-05-18,1.1317108520275494,0.9466388305872516
2017-05-19,1.1317108520275494,0.9466388305872518
2017-05-22,1.0335431178602903,0.9761549189255756
2017-05-23,0.9866029337715787,0.9761549189255756
2017-05-24,0.9858363677811005,0.9466388305872516
2017-05-25,1.03354311786029,0.9466388305872516
2017-05-26,1.0225338956978194,0.9466388305872516
2017-05-30,0.9858363677811004,0.9186128993250492
2017-05-31,0.9858363677811006,0.9466388305872516
2017-06-01,0.9858363677811004,0.9529037668839944
2017-06-02,0.981768048567926,0.9914958052555344
2017-06-05,0.981768048567926,1.1651989274763337
2017-06-06,0.981768048567926,1.1651989274763337
2017-06-07,0.9817680485679259,1.2312896211815976
2017-06-08,0.9817680485679259,1.3307206099694089
2017-06-09,0.9817680485679255,1.3624464570061618
2017-06-12,1.0184655764846446,1.4054644701835062
2017-06-13,1.1062467143922035,1.4054644701835062
2017-06-14,1.1944330459604695,1.4054644701835062
2017-06-15,1.1944330459604697,1.4054644701835062
2017-06-16,1.1497981648964435,1.3624464570061618
2017-06-19,1.1654931480932504,1.3624464570061618
2017-06-20,1.1944330459604695,1.3624464570061618
2017-06-21,1.194433045960469,1.3624464570061618
2017-06-22,1.1944330459604695,1.3624464570061618
2017-06-23,1.1944330459604695,1.3746331334522457
2017-06-26,1.2109445202541465,1.4240308372255497
2017-06-27,1.221673059196185,1.437644217819144
2017-06-28,1.2216730591961855,1.4695335858951122
2017-06-29,1.2822522284221425,1.4695335858951122
2017-06-30,1.5045601783111668,1.4376442178191442
2017-07-03,1.8094208400735088,1.437644217819144
2017-07-05,1.854107929901041,1.4753042834212775
2017-07-06,1.8541079299010412,1.4753042834212775
2017-07-07,1.854107929901041,1.5734815114881258
2017-07-10,1.7186605537457398,1.503079676469156
2017-07-11,1.673973463918207,1.4726533008646578
2017-07-12,1.5313726663189766,1.4726533008646578
2017-07-13,1.317434378226935,1.4376442178191442
2017-07-14,1.2377272259371408,1.4376442178191442
2017-07-17,1.2377272259371406,1.4376442178191442
2017-07-18,1.317434378226935,1.4376442178191442
2017-07-19,1.317434378226935,1.386819579712072
2017-07-20,1.433902499066242,1.4095852756545582
2017-07-21,1.4339024990662417,1.4726533008646578
2017-07-24,1.5301418302354548,1.4095852756545582
2017-07-25,1.4952473799725134,1.3515269475498508
2017-07-26,1.4339024990662415,1.2102762990750169
2017-07-27,1.4339024990662417,1.2102762990750169
2017-07-28,1.4339024990662417,1.073004107006272
2017-07-31,1.4339024990662417,1.2102762990750169
2017-08-01,1.3629358001340637,1.1865680348034346
2017-08-02,1.362935800134064,1.1865680348034346
2017-08-03,1.3433364148536353,1.1865680348034346
2017-08-04,1.2978349929465067,1.0962534057974749
2017-08-07,1.2978349929465067,1.073004107006272
2017-08-08,1.2978349929465067,1.073004107006272
2017-08-09,1.275043788571848,1.073004107006272
2017-08-10,1.3433364148536353,1.0962534057974749
2017-08-11,1.3433364148536353,1.0962534057974749
2017-08-14,1.3433364148536355,1.0962534057974749
2017-08-15,1.3382445580587428,1.0962534057974749
2017-08-16,1.3382445580587428,1.13851065228528
2017-08-17,1.3382445580587428,1.13851065228528
2017-08-18,1.2176136788855,1.13851065228528
2017-08-21,1.0918328618721047,1.13851065228528
2017-08-22,1.091832861872105,1.1964087972878414
2017-08-23,1.091832861872105,1.1964087972878414
2017-08-24,1.091832861872105,1.13851065228528
2017-08-25,1.090195628969635,1.1855162814729412
2017-08-28,1.0707462480597327,1.13851065228528
2017-08-29,1.0901956289696348,1.13851065228528
2017-08-30,1.090195628969635,1.13851065228528
2017-08-31,1.092869807734853,1.1855162814729412
2017-09-01,1.092869807734853,1.2056192392425027
2017-09-05,1.0993673096584067,1.2263784152273909
2017-09-06,1.1189837007296335,1.2056192392425027
2017-09-07,1.1709340931422563,1.2263784152273909
2017-09-08,1.170934093142256,1.2263784152273909
2017-09-11,1.1709340931422558,1.2056192392425027
2017-09-12,1.1709340931422558,1.2056192392425027
2017-09-13,1.1709340931422558,1.2056192392425027
2017-09-14,1.170934093142256,1.2056192392425027
2017-09-15,1.120488654419386,1.2056192392425027
2017-09-18,1.170934093142256,1.2056192392425027
2017-09-19,1.1709340931422558,1.2056192392425027
2017-09-20,1.1709340931422563,1.2154858994124906
2017-09-21,1.217554570584796,1.2368026867141255
2017-09-22,1.1511854228583114,1.2368026867141255
2017-09-25,1.217554570584796,1.2673360270413716
2017-09-26,1.217554570584796,1.2673360270413716
2017-09-27,1.217554570584796,1.2673360270413716
2017-09-28,1.1671091318619262,1.2368026867141255
2017-09-29,1.1671091318619262,1.2006078081860896
2017-10-02,1.2440615441657878,1.142135830137969
2017-10-03,1.1671091318619262,1.0388088494240613
2017-10-04,1.085729773367552,1.142135830137969
2017-10-05,1.0857297733675517,1.142135830137969
2017-10-06,1.085729773367552,1.142135830137969
2017-10-09,1.0693250261655476,1.142135830137969
2017-10-10,1.085729773367552,1.0388088494240613
2017-10-11,1.1776923964393031,1.0388088494240613
2017-10-12,1.177692396439303,1.0388088494240613
2017-10-13,1.1626821856714136,0.9431031466133574
2017-10-16,1.0693250261655476,0.9251622013052532
2017-10-17,1.0572876936687885,0.9134391297583491
2017-10-18,1.0329475328649411,0.8989525284904734
2017-10-19,1.0329475328649407,0.8902195215875155
2017-10-20,1.032947532864941,0.8989525284904734
2017-10-23,1.032947532864941,0.8863870729061981
2017-10-24,1.0424098877593684,0.8863870729061979
2017-10-25,1.0424098877593684,0.8863870729061981
2017-10-26,1.0424098877593684,0.8649991433196629
2017-10-27,1.1113287070914888,0.8775645989039379
2017-10-30,1.1113287070914888,0.8775645989039381
2017-10-31,1.2464302741840447,0.877564598903938
2017-11-01,1.2880716462654291,0.877564598903938
2017-11-02,1.2880716462654294,0.877564598903938
2017-11-03,1.217775543567745,0.9214076843545904
2017-11-06,1.2177755435677449,0.8945287126726065
2017-11-07,1.1761341714863605,0.9450138396782973
2017-11-08,1.1761341714863602,0.9450138396782973
2017-11-09,1.217775543567745,0.9450138396782972
2017-11-10,1.217775543567745,0.9915069676823632
2017-11-13,1.217775543567745,0.9915069676823631
2017-11-14,1.2371443398028616,1.0446523379577402
2017-11-15,1.2371443398028616,1.10450434210126
2017-11-16,1.2690956870976513,1.10450434210126
2017-11-17,1.3167967824123332,1.1095116137334995
2017-11-20,1.2690956870976513,1.1095116137334995
2017-11-21,1.2690956870976513,1.1780858636989675
2017-11-22,1.2371443398028616,1.1095116137334995
2017-11-24,1.218898184086978,1.1095116137334995
2017-11-27,1.218898184086978,1.0629538934163292
2017-11-28,1.218898184086978,1.0629538934163292
2017-11-29,1.218898184086978,1.0629538934163292
2017-11-30,1.218898184086978,1.1095116137334995
2017-12-01,1.218898184086978,1.1095116137334995
2017-12-04,1.2658694759497653,1.1095116137334995
2017-12-05,1.3092720685475037,1.1780858636989675
2017-12-06,1.35485189217143,1.2151844272117094
2017-12-07,1.35485189217143,1.2151844272117094
2017-12-08,1.3092720685475037,1.2151844272117094
2017-12-11,1.3092720685475032,1.269581338630234
2017-12-12,1.4446050100141798,1.269581338630234
2017-12-13,1.4446050100141796,1.2151844272117094
2017-12-14,1.5176942419037094,1.269581338630234
2017-12-15,1.5829131977760242,1.357914082033496
2017-12-18,1.5496963118501181,1.434272205542794
2017-12-19,1.549696311850118,1.434272205542794
2017-12-20,1.549696311850118,1.4683758549146713
2017-12-21,1.5496963118501181,1.4683758549146713
2017-12-22,1.549696311850118,1.4683758549146713
2017-12-26,1.4989038475759198,1.4683758549146713
2017-12-27,1.3938125457399813,1.4683758549146713
2017-12-28,1.2809952729449483,1.434272205542794
2017-12-29,1.1849405990184727,1.3624605140446229
2018-01-02,1.1849405990184727,1.195871843168285
2018-01-03,1.1849405990184727,1.0529543541276445
2018-01-04,1.1211406371609272,1.0529543541276445
2018-01-05,1.1125252974671112,1.0418517084425052
2018-01-08,1.0474152488968589,1.1080653111642116
2018-01-09,1.0474152488968589,1.043945286719356
2018-01-10,0.9678050450942838,0.9777316839976498
2018-01-11,0.9454494959779299,0.9777316839976496
2018-01-12,0.9678050450942838,0.996721051388533
2018-01-16,0.9678050450942838,0.996721051388533
2018-01-17,0.9678050450942838,0.996721051388533
2018-01-18,0.9678050450942838,0.9967210513885328
2018-01-19,0.94544949597793,0.996721051388533
2018-01-22,0.9454494959779298,0.9967210513885328
2018-01-23,0.9678050450942838,0.996721051388533
2018-01-24,1.041994125348853,1.0330003027550678
2018-01-25,1.1059621630618615,1.0802245380858908
2018-01-26,1.1187614417447425,1.1080653111642116
2018-01-29,1.197224853816741,1.1161068971380084
2018-01-30,1.1972248538167407,1.1861340815591417
2018-01-31,1.1558352394025877,1.3350576274032968
2018-02-01,1.1558352394025873,1.4515993921260613
2018-02-02,1.226920496339711,1.5289193732723774
2018-02-05,1.2984377981875452,1.6277929041112795
2018-02-06,1.3528991494609,1.6897408622123111
2018-02-07,1.3942771071726738,1.769676424218397
2018-02-08,1.415796504101839,1.915628736829816
2018-02-09,1.4640649095802671,2.0020379379295097
2018-02-12,1.4640649095802671,2.033494648873182
2018-02-13,1.415796504101839,2.033494648873182
2018-02-14,1.464064909580267,2.064179284637916
2018-02-15,1.5617522352525157,2.1712654782740533
2018-02-16,1.5617522352525155,2.1712654782740533
2018-02-20,1.5617522352525155,2.238653909651787
2018-02-21,1.7856355520134457,2.238653909651787
2018-02-22,1.891848731193656,2.238653909651787
2018-02-23,1.9791525127518903,2.238653909651787
2018-02-26,1.9791525127518903,2.238653909651786
2018-02-27,2.154669916015582,2.238653909651787
2018-02-28,2.25269347144106,2.239605676697309
2018-03-01,2.317607428436254,2.3577102817829507
2018-03-02,2.331427270542068,2.3577102817829507
2018-03-05,2.4106934981022765,2.239605676697309
2018-03-06,2.3314272705420684,2.211909489219813
2018-03-07,2.331427270542068,2.178738151988477
2018-03-08,2.317607428436254,2.111349720610743
2018-03-09,2.3176074284362542,2.0597867899673625
2018-03-12,2.2526934714410602,1.9456094037362126
2018-03-13,2.3176074284362547,1.9456094037362135
2018-03-14,2.3176074284362533,1.9414942901484689
2018-03-15,2.3076644525846994,1.8529850332850115
2018-03-16,2.25269347144106,1.8329073024618945
2018-03-19,2.3076644525847003,1.8380662487903803
2018-03-20,2.2536982719748866,1.7794825817012558
2018-03-21,2.1524308356809256,1.7794825817012558
2018-03-22,2.2536982719748866,1.8380662487903803
2018-03-23,2.318612228970081,1.8925772110361636
2018-03-26,2.3690827644453507,1.9583149098107286
2018-03-27,2.4262285612276635,2.01239093525152
2018-03-28,2.509315381263475,2.01239093525152
2018-03-29,2.5093153812634745,2.01239093525152
2018-04-02,2.5093153812634745,2.01239093525152
2018-04-03,2.549612384894866,2.01239093525152
2018-04-04,2.827525240725286,2.181407953430427
2018-04-05,2.8275252407252864,2.181407953430427
2018-04-06,2.9089128358942347,2.367705872962436
2018-04-09,2.908912835894234,2.522259298208029
2018-04-10,2.908912835894234,2.522259298208029
2018-04-11,2.737765566572421,2.367705872962436
2018-04-12,2.7377655665724205,2.367705872962437
2018-04-13,2.7377655665724205,2.367705872962436
2018-04-16,2.7377655665724205,2.367705872962437
2018-04-17,2.706940754525756,2.367705872962436
2018-04-18,2.7069407545257564,2.367705872962436
2018-04-19,2.706940754525756,2.367705872962436
2018-04-20,2.5847747358617528,2.2880896925180085
2018-04-23,2.4653407422115006,2.0694053880619285
2018-04-24,2.4653407422115006,2.0694053880619285
2018-04-25,2.403201990304677,2.0694053880619285
2018-04-26,2.403201990304677,2.0694053880619285
2018-04-27,2.3550702689682166,2.0694053880619285
2018-04-30,2.299294367706092,2.0694053880619285
2018-05-01,2.299294367706092,2.0694053880619285
2018-05-02,2.2410149154010885,2.0439051601099494
2018-05-03,2.2807802674673603,2.1429208246796083
2018-05-04,2.2807802674673603,2.142920824679609
2018-05-07,2.200220455774244,2.0439051601099494
2018-05-08,2.092979402344927,2.0439051601099494
2018-05-09,2.200220455774244,2.049013578743433
2018-05-10,2.200220455774244,2.049013578743433
2018-05-11,2.092979402344927,2.0490135787434327
2018-05-14,2.092979402344927,2.049013578743433
2018-05-15,2.021767495519321,2.049013578743433
2018-05-16,2.0217674955193203,2.049013578743433
2018-05-17,1.8454888606145168,2.049013578743433
2018-05-18,1.696335137284616,1.8793134696081406
2018-05-21,1.6093239767675391,1.8793134696081404
2018-05-22,1.6093239767675391,1.7256345916396576
2018-05-23,1.62329165679682,1.7256345916396572
2018-05-24,1.4592730802675995,1.725634591639657
2018-05-25,1.3653495107905944,1.6124156066856932
2018-05-29,1.3653495107905944,1.6124156066856936
2018-05-30,1.3388269900802705,1.4796573676939215
2018-05-31,1.3388269900802707,1.4019640994776328
2018-06-01,1.3388269900802703,1.4019640994776328
2018-06-04,1.3388269900802707,1.3752075873973357
2018-06-05,1.3280401324025362,1.2969867005193936
2018-06-06,1.3388269900802705,1.2969867005193938
2018-06-07,1.3388269900802707,1.2969867005193936
2018-06-08,1.3280401324025362,1.370802458581016
2018-06-11,1.4235294585569502,1.3708024585810152
2018-06-12,1.42352945855695,1.2969867005193936
2018-06-13,1.3280401324025362,1.296986700519394
2018-06-14,1.3280401324025357,1.2969867005193936
2018-06-15,1.3280401324025364,1.2969867005193936
2018-06-18,1.4235294585569502,1.3708024585810161
2018-06-19,1.497751056459266,1.3917907433002203
2018-06-20,1.4708123510895326,1.3917907433002203
2018-06-21,1.4708123510895328,1.3917907433002201
2018-06-22,1.4708123510895326,1.3808430968267094
2018-06-25,1.4977510564592662,1.39179074330022
2018-06-26,1.4786884978432262,1.3808430968267098
2018-06-27,1.498775735663052,1.3917907433002203
2018-06-28,1.498775735663052,1.4125822470039768
2018-06-29,1.4786884978432262,1.4125822470039766
2018-07-02,1.478688497843226,1.4479416718602989
2018-07-03,1.498775735663052,1.4726572291238569
2018-07-05,1.565527612160883,1.4726572291238562
2018-07-06,1.5655276121608834,1.4726572291238564
2018-07-09,1.5655276121608832,1.472657229123857
2018-07-10,1.4786884978432258,1.4726572291238569
2018-07-11,1.5857388054286918,1.4726572291238567
2018-07-12,1.7314519126523131,1.5247005081982197
2018-07-13,1.7314519126523131,1.52470050819822
2018-07-16,1.7314519126523134,1.52470050819822
2018-07-17,1.7314519126523127,1.52470050819822
2018-07-18,1.7314519126523131,1.4972104689645316
2018-07-19,1.7314519126523131,1.4972104689645311
2018-07-20,1.5857388054286918,1.5172507452373876
2018-07-23,1.7314519126523131,1.6073551942983506
2018-07-24,1.7314519126523131,1.5256388526507663
2018-07-25,1.894755933722686,1.6073551942983504
2018-07-26,1.7314519126523131,1.525638852650767
2018-07-27,1.731451912652313,1.5256388526507667
2018-07-30,1.8466761610594002,1.5307224720581334
2018-07-31,1.7887456811569846,1.4406180229971706
2018-08-01,1.788745681156985,1.4002966764563758
2018-08-02,1.8564468602387496,1.4406180229971706
2018-08-03,1.8564468602387496,1.4002966764563756
2018-08-06,1.8564468602387492,1.4002966764563756
2018-08-07,1.856446860238749,1.4002966764563756
2018-08-08,1.7211807633461995,1.4002966764563758
2018-08-09,1.5602916895699923,1.3642583470169738
2018-08-10,1.560291689569992,1.315065212827376
2018-08-13,1.5602916895699919,1.3639320945755826
2018-08-14,1.5602916895699923,1.3639320945755822
2018-08-15,1.6536862850613754,1.3680371848875683
2018-08-16,1.7388574925348903,1.4086847838697547
2018-08-17,1.7683172057669005,1.3680371848875683
2018-08-20,1.7008227274820764,1.3482140327057377
2018-08-21,1.6536862850613754,1.3482140327057377
2018-08-22,1.5602916895699919,1.3482140327057375
2018-08-23,1.449117952467249,1.295957359846152
2018-08-24,1.4102980270688557,1.2405612329321114
2018-08-27,1.403004761436169,1.2098798707612697
2018-08-28,1.3773986261907583,1.1701510483714888
2018-08-29,1.3107302204686282,1.20987987076127
2018-08-30,1.310730220468628,1.1701510483714888
2018-08-31,1.3773986261907585,1.1632896193317277
2018-09-04,1.4030047614361691,1.20987987076127
2018-09-05,1.4102980270688559,1.273321006051258
2018-09-06,1.4102980270688554,1.3448809133651118
2018-09-07,1.481450513202955,1.3643778131055506
2018-09-10,1.481450513202955,1.3643778131055508
2018-09-11,1.6103009794943892,1.3712163677677762
2018-09-12,1.6238511851978161,1.3448809133651114
2018-09-13,1.481450513202955,1.3448809133651114
2018-09-14,1.4102980270688557,1.273321006051258
2018-09-17,1.410298027068856,1.3448809133651114
2018-09-18,1.4814505132029545,1.3712163677677762
2018-09-19,1.570032292904071,1.3712163677677762
2018-09-20,1.570032292904071,1.3712163677677764
2018-09-21,1.613087335269213,1.4014370905868445
2018-09-24,1.666906227562959,1.4873073880257641
2018-09-25,1.6669062275629583,1.487307388025764
2018-09-26,1.6736351385245627,1.4873073880257641
2018-09-27,1.6736351385245627,1.4014370905868452
2018-09-28,1.6420779404305996,1.4014370905868447
2018-10-01,1.6375455105431254,1.4014370905868447
2018-10-02,1.6375455105431254,1.3712163677677762
2018-10-03,1.6145343467524014,1.288425082444777
2018-10-04,1.6145343467524016,1.2985967564476288
2018-10-05,1.6375455105431254,1.318645805263845
2018-10-08,1.6442744215047296,1.489668327884627
2018-10-09,1.6375455105431251,1.489668327884627
2018-10-10,1.6375455105431254,1.599328325777174
2018-10-11,1.6442744215047298,1.6436838635789286
2018-10-12,1.7963976595579911,1.6955535634082317
2018-10-15,1.7963976595579916,1.8877725001866075
2018-10-16,1.9405301927660037,2.038328739030012
2018-10-17,2.091060381721809,2.0369973391221823
2018-10-18,2.241192227322068,2.1296057144670675
2018-10-19,2.150111512031889,2.2362629284059823
2018-10-22,2.003039598033859,2.157091050733309
2018-10-23,2.150111512031889,2.2362629284059823
2018-10-24,2.320116618868888,2.3052923667662726
2018-10-25,2.427127284418917,2.3904889222013703
2018-10-26,2.514182175185673,2.432751338920896
2018-10-29,3.00461996279594,2.4636395945243406
2018-10-30,3.482904550247507,2.631242025165644
2018-10-31,3.482904550247507,2.67433504058516
2018-11-01,3.3389595056888126,2.5315722780923404
2018-11-02,3.338959505688813,2.531572278092341
2018-11-05,3.3389595056888126,2.53157227809234
2018-11-06,3.338959505688813,2.5315722780923395
2018-11-07,2.9742041122706384,2.512549742090246
2018-11-08,2.692573546932155,2.4636395945243392
2018-11-09,2.692573546932155,2.4469257457926488
2018-11-12,2.8498865484260074,2.4717654139411342
2018-11-13,2.8498865484260074,2.4717654139411342
2018-11-14,2.8498865484260074,2.512549742090246
2018-11-15,2.8498865484260074,2.5556427575097613
2018-11-16,2.8498865484260074,2.555642757509762
2018-11-19,3.120572245492566,2.7277758600523256
2018-11-20,3.120572245492566,2.7277758600523265
2018-11-21,2.849886548426007,2.5556427575097618
2018-11-23,2.692573546932155,2.495835893358556
2018-11-26,2.5851670164216443,2.4157916570941405
2018-11-27,2.4727682940984246,2.2927308330425378
2018-11-28,2.4727682940984237,2.292730833042537
2018-11-29,2.357327331549942,2.166437609120484
2018-11-30,2.357327331549942,2.166437609120484
2018-12-03,2.181765440566592,2.250238525056784
2018-12-04,2.181765440566592,2.388194503269864
2018-12-06,2.181765440566592,2.4274544113851686
2018-12-07,2.181765440566592,2.4274544113851673
2018-12-10,2.3390507169960344,2.7889008725975173
2018-12-11,2.3390507169960344,3.1775460081252227
2018-12-12,2.1158382655294954,2.761303718773241
2018-12-13,2.1158382655294954,2.7613037187732408
2018-12-14,2.0333712299999775,2.7613037187732408
2018-12-17,2.033371229999977,2.761303718773241
2018-12-18,2.256583681466516,2.761303718773241
2018-12-19,2.256583681466516,2.7613037187732417
2018-12-20,2.256583681466516,2.7613037187732417
2018-12-21,2.426355218669196,3.1775460081252223
2018-12-24,2.5790881626345397,3.3892540078240314
2018-12-26,3.0750884549922204,3.673817358675712
2018-12-27,3.5875694375125766,3.842304009802864
2018-12-28,3.07508845499222,3.842304009802862
2018-12-31,3.117668367864549,3.8423040098028616
2019-01-02,3.462467500589946,3.842304009802862
2019-01-03,3.625603920954745,3.8423040098028634
2019-01-04,3.625603920954745,3.673817358675713
2019-01-07,3.462467500589946,3.5291902220373284
2019-01-08,3.1176683678645496,3.37227805047815
2019-01-09,3.117668367864549,3.1485117805554226
2019-01-10,3.1176683678645496,2.9717272554900394
2019-01-11,3.117668367864549,2.9717272554900407
2019-01-14,3.117668367864549,2.9717272554900407
2019-01-15,3.230575140147957,2.948766452109048
2019-01-16,2.9238104908647284,2.8288246842062845
2019-01-17,2.923810490864728,2.828824684206284
2019-01-18,2.5217970482749354,2.5103965509863966
2019-01-22,2.4259891003544514,2.2185263532323747
2019-01-23,2.286887320133341,2.1573712727947476
2019-01-24,2.199193185281569,2.024655005736204
2019-01-25,1.9832682548171257,1.8886286344224987
2019-01-28,1.7975494451227036,1.8024990093774005
2019-01-29,1.7975494451227036,1.8024990093774003
2019-01-30,1.7975494451227039,1.8024990093774003
2019-01-31,1.7975494451227039,1.8024990093774005
2019-02-01,1.7975494451227039,1.754208582604534
2019-02-04,1.7975494451227036,1.7542085826045335
2019-02-05,1.8023733909692887,1.741493233245305
2019-02-06,1.8023733909692887,1.7172911484780902
2019-02-07,1.8023733909692887,1.7172911484780904
2019-02-08,1.8023733909692887,1.717291148478091
2019-02-11,1.8023733909692887,1.6478356975490942
2019-02-12,1.8023733909692887,1.6478356975490942
2019-02-13,1.7713260391962231,1.57809565711388
2019-02-14,1.7713260391962231,1.57809565711388
2019-02-15,1.8023733909692887,1.5580434609104925
2019-02-19,1.8023733909692887,1.543720107402788
2019-02-20,1.7713260391962233,1.5371695727014807
2019-02-21,1.7593623539288519,1.5371695727014805
2019-02-22,1.7522298957815832,1.5296156640721383
2019-02-25,1.7522298957815834,1.5296156640721383
2019-02-26,1.7454373195758839,1.5296156640721383
2019-02-27,1.724433490931962,1.4814730239746967
2019-02-28,1.6712495058951162,1.412278300240556
2019-03-01,1.6123098434971794,1.352912973447746
2019-03-04,1.6123098434971797,1.352912973447746
2019-03-05,1.6123098434971797,1.281502608607136
2019-03-06,1.5911759638159393,1.281502608607136
2019-03-07,1.5911759638159393,1.2815026086071357
2019-03-08,1.5911759638159393,1.3787911982379495
2019-03-11,1.6123098434971792,1.4221076971818865
2019-03-12,1.6809448038553199,1.281502608607136
2019-03-13,1.6123098434971794,1.2238513453274695
2019-03-14,1.6123098434971792,1.2238513453274693
2019-03-15,1.6123098434971794,1.2238513453274695
2019-03-18,1.559148039885177,1.281502608607136
2019-03-19,1.559148039885177,1.281502608607136
2019-03-20,1.559148039885177,1.2815026086071357
2019-03-21,1.5174946747840277,1.281502608607136
2019-03-22,1.559148039885177,1.323147485352577
2019-03-25,1.6097454441466064,1.3805856630075366
2019-03-26,1.609745444146606,1.3805856630075362
2019-03-27,1.722311652029842,1.4803543020721608
2019-03-28,1.722311652029843,1.4803543020721608
2019-03-29,1.7223116520298425,1.4803543020721608
2019-04-01,1.5680920790454569,1.3805856630075366
2019-04-02,1.4432954031780878,1.3805856630075366
2019-04-03,1.4432954031780871,1.3805856630075366
2019-04-04,1.3416208334615665,1.3805856630075366
2019-04-05,1.3065021773267236,1.283463626855698
2019-04-08,1.2650825179298735,1.2362636713608377
2019-04-09,1.202996599851739,1.2362636713608377
2019-04-10,1.202996599851739,1.2362636713608377
2019-04-11,1.2029965998517387,1.2362636713608377
2019-04-12,1.2029965998517387,1.1927989488918032
2019-04-15,1.2315673529354212,1.1518999671972403
2019-04-16,1.231567352935421,1.1518999671972403
2019-04-17,1.1329845296696475,1.1132349308277005
2019-04-18,1.034533128025193,1.1132349308277003
2019-04-22,1.034533128025193,1.1132349308277003
2019-04-23,1.0345331280251928,1.1132349308277003
2019-04-24,1.033144450967815,1.071366018395449
2019-04-25,1.0331444509678152,1.071366018395449
2019-04-26,1.0163387719553285,1.071366018395449
2019-04-29,1.0163387719553283,1.0654241434128586
2019-04-30,1.0163387719553283,1.0654241434128586
2019-05-01,1.0163387719553283,1.071366018395449
2019-05-02,1.0163387719553285,1.1132349308277003
2019-05-03,1.0331444509678152,1.1132349308277003
2019-05-06,1.1264857805175512,1.150899551157957
2019-05-07,1.2264572808407024,1.1532950311543413
2019-05-08,1.2474138384069096,1.2194467502990216
2019-05-09,1.3788047119900395,1.2870825608976673
2019-05-10,1.5000778038882476,1.3429115458927634
2019-05-13,1.559917196936513,1.5431614000332532
2019-05-14,1.6343280176751782,1.7195043543860777
2019-05-15,1.6571843080628206,1.7583497486044035
2019-05-16,1.7241108109748047,1.7834651505028027
2019-05-17,1.7585243556231887,1.8403731931423783
2019-05-20,1.7585243556231882,1.8403731931423783
2019-05-21,1.6915978527112037,1.8403731931423783
2019-05-22,1.6915978527112046,1.8403731931423786
2019-05-23,1.691597852711204,1.7583497486044035
2019-05-24,1.6915978527112039,1.7583497486044035
2019-05-28,1.639302085003787,1.7583497486044035
2019-05-29,1.691597852711204,1.7583497486044035
2019-05-30,1.6393020850037867,1.719504354386078
2019-05-31,1.6232056267153967,1.618444911900262
2019-06-03,1.6804754617514228,1.6467157519341304
2019-06-04,1.680475461751423,1.6467157519341304
2019-06-05,1.6804754617514228,1.4972379154593778
2019-06-06,1.680475461751423,1.6467157519341304
2019-06-07,1.7977161634424332,1.6467157519341307
2019-06-10,1.7977161634424335,1.5571418802143624
2019-06-11,1.7977161634424332,1.5571418802143622
2019-06-12,1.6804754617514228,1.4972379154593773
2019-06-13,1.612787651110337,1.398021415783397
2019-06-14,1.532763391367104,1.3980214157833966
2019-06-17,1.408166654144472,1.3332317774355291
2019-06-18,1.5223946920268712,1.2774064497031317
2019-06-19,1.5223946920268714,1.3332317774355291
2019-06-20,1.5223946920268714,1.367907818626848
2019-06-21,1.502754890037078,1.367907818626848
2019-06-24,1.4063334349623595,1.367907818626848
2019-06-25,1.4063334349623595,1.367907818626848
2019-06-26,1.4063334349623595,1.4894801201469292
2019-06-27,1.4063334349623595,1.4894801201469292
2019-06-28,1.4063334349623595,1.4894801201469292
2019-07-01,1.352133246701173,1.367907818626848
2019-07-02,1.3040714046823,1.297149603519421
2019-07-03,1.2757507213573158,1.2553158084478464
2019-07-05,1.2757507213573158,1.2051203416160952
2019-07-08,1.275750721357316,1.2051203416160952
2019-07-09,1.2757507213573158,1.126375519227158
2019-07-10,1.2535217674580463,1.1048739314774418
2019-07-11,1.2451514006894633,1.1048739314774418
2019-07-12,1.2251699965479623,1.1048739314774418
2019-07-15,1.2251699965479623,1.0646489543666842
2019-07-16,1.225169996547962,1.1048739314774418
2019-07-17,1.2014132011388947,1.1048739314774418
2019-07-18,1.201413201138895,1.1048739314774418
2019-07-19,1.201413201138895,1.1048739314774418
2019-07-22,1.201413201138895,1.153166440850917
2019-07-23,1.2438284232641104,1.2147648501409376
2019-07-24,1.2438284232641106,1.2147648501409376
2019-07-25,1.2438284232641106,1.153166440850917
2019-07-26,1.2806709758315036,1.153166440850917
2019-07-29,1.307458622828752,1.2147648501409376
2019-07-30,1.307458622828752,1.153166440850917
2019-07-31,1.3181423309250868,1.2147648501409376
2019-08-01,1.3209806521169072,1.2589655905135286
2019-08-02,1.3209806521169074,1.3030810878167465
2019-08-05,1.4069383667393853,1.34336602540708
2019-08-06,1.406938366739386,1.375387787603901
2019-08-07,1.4995886978552506,1.41827268411064
2019-08-08,1.5242416848362588,1.4747201882878145
2019-08-09,1.6251694906708862,1.6769359351032485
2019-08-12,1.6251694906708862,1.839739127531724
2019-08-13,1.706471901754688,1.8816452785119984
2019-08-14,1.7711912298545711,2.0249239117741538
2019-08-15,1.7711912298545711,2.0249239117741538
2019-08-16,1.7064719017546879,1.8816452785119984
2019-08-19,1.706471901754688,1.8816452785119984
2019-08-20,1.706471901754688,1.8816452785119984
2019-08-21,1.706471901754688,1.8816452785119984
2019-08-22,1.6698210944007268,2.020756297259583
2019-08-23,1.669821094400727,2.1162303231805693
2019-08-26,1.6698210944007266,2.1162303231805693
2019-08-27,1.7064719017546879,2.1162303231805693
2019-08-28,1.6698210944007268,2.020756297259583
2019-08-29,1.6331754864173629,1.8816452785119984
2019-08-30,1.6331754864173624,1.8816452785119984
2019-09-03,1.6331754864173629,1.7884044768182024
2019-09-04,1.5522234855275134,1.686621349848901
2019-09-05,1.5522234855275134,1.5739408037244094
2019-09-06,1.4420667507597205,1.4705217834620077
2019-09-09,1.442066750759721,1.4705217834620077
2019-09-10,1.411302956055234,1.4705217834620077
2019-09-11,1.411302956055234,1.350813171090811
2019-09-12,1.4113029560552344,1.2518672234163226
2019-09-13,1.4113029560552341,1.2142461226241812
2019-09-16,1.4113029560552344,1.181159708435495
2019-09-17,1.3455290470114325,1.1432402185789583
2019-09-18,1.4694420926803875,1.1924580671697598
2019-09-19,1.4694420926803873,1.3244904290329345
2019-09-20,1.4694420926803873,1.3244904290329345
2019-09-23,1.3455290470114325,1.1924580671697598
2019-09-24,1.4025200108430853,1.2914040148442485
2019-09-25,1.4025200108430858,1.2914040148442485
2019-09-26,1.2655347773852437,1.203162965662104
2019-09-27,1.4025200108430858,1.3351953275252786
2019-09-30,1.4025200108430858,1.203162965662104
2019-10-01,1.4025200108430858,1.3351953275252786
2019-10-02,1.537309565475777,1.4842059157576908
2019-10-03,1.5373095654757771,1.5864098937043982
2019-10-04,1.596904091507394,1.5864098937043982
2019-10-07,1.537309565475777,1.4349551470390964
2019-10-08,1.5373095654757778,1.4349551470390964
2019-10-09,1.4809681618032393,1.4349551470390964
2019-10-10,1.4483067064786246,1.4349551470390964
2019-10-11,1.4483067064786246,1.4349551470390964
2019-10-14,1.4483067064786246,1.4349551470390964
2019-10-15,1.5046481101511633,1.4717637295230008
2019-10-16,1.4483067064786244,1.3617434217541389
2019-10-17,1.4483067064786246,1.3617434217541389
2019-10-18,1.4327312801120324,1.3617434217541389
2019-10-21,1.4327312801120324,1.3617434217541389
2019-10-22,1.3699119420844195,1.3617434217541389
2019-10-23,1.3510478673827344,1.3328259157003994
2019-10-24,1.3510478673827344,1.3328259157003994
2019-10-25,1.3510478673827344,1.3328259157003994
2019-10-28,1.4110952184279428,1.3596216240408414
2019-10-29,1.4110952184279428,1.3328259157003994
2019-10-30,1.3842998910918511,1.3328259157003994
2019-10-31,1.3559038040355986,1.3328259157003994
2019-11-01,1.322651780326482,1.3179815444444851
2019-11-04,1.3559038040355986,1.3179815444444851
2019-11-05,1.322651780326482,1.2733464280088338
2019-11-06,1.322651780326482,1.2728910203672004
2019-11-07,1.322651780326482,1.2728910203672004
2019-11-08,1.322651780326482,1.3179815444444851
2019-11-11,1.322651780326482,1.3179815444444851
2019-11-12,1.2177858845738925,1.2728910203672004
2019-11-13,1.117126831631262,1.2728910203672004
2019-11-14,1.2305730738611635,1.2035993661430902
2019-11-15,1.2305730738611635,1.1517794170930191
2019-11-18,1.350312049355989,1.1517794170930191
2019-11-19,1.350312049355989,1.09559781673865
2019-11-20,1.350312049355989,1.09559781673865
2019-11-21,1.370776883777835,1.0355107783659006
2019-11-22,1.3511429065442642,1.019553581281003
2019-11-25,1.336269826802028,1.0008780703437543
2019-11-26,1.2340612967965914,0.9708437878248688
2019-11-27,1.1206150545666898,0.9489481045824543
2019-11-29,1.1020866087611456,0.930932231035252
2019-12-02,1.1141551781738857,0.930932231035252
2019-12-03,1.1141551781738857,0.9489481045824542
2019-12-04,1.2348921539848663,0.948948104582454
2019-12-05,1.2348921539848663,0.9489481045824542
2019-12-06,1.1141551781738857,0.9708437878248689
2019-12-09,1.2348921539848663,0.9489481045824542
2019-12-10,1.2348921539848663,0.9072960788522003
2019-12-11,1.2348921539848663,0.9072960788522005
2019-12-12,1.2348921539848663,0.9489481045824542
2019-12-13,1.131932397576291,0.9674752640134421
2019-12-16,1.083714126109825,0.9072960788522004
2019-12-17,1.022802092976175,0.8639460347668976
2019-12-18,1.009006281294496,0.8639460347668976
2019-12-19,0.9906506038613331,0.8639460347668976
2019-12-20,0.9906506038613331,0.9022295366857248
2019-12-23,0.9789684074772848,0.8505060156530513
2019-12-24,0.9274874613682798,0.8283324145464618
2019-12-26,0.9789684074772849,0.8401751116040472
2019-12-27,0.9973240849104476,0.8401751116040472
2019-12-30,1.022802092976175,0.8505060156530513
2019-12-31,0.9973240849104476,0.8401751116040472
2020-01-02,0.9973240849104474,0.8401751116040472
2020-01-03,0.9973240849104474,0.8505060156530513
2020-01-06,1.022802092976175,0.9370204977834053
2020-01-07,1.022802092976175,0.9370204977834052
2020-01-08,1.022802092976175,1.1017681175152092
2020-01-09,1.0470654995998467,1.1017681175152092
2020-01-10,1.1053025689800555,1.226392646805532
2020-01-13,1.0470654995998467,1.2219433679918448
2020-01-14,1.0470654995998467,1.173969022727257
2020-01-15,1.0470654995998467,1.173969022727257
2020-01-16,1.046128531188384,1.2219433679918448
2020-01-17,1.1053025689800555,1.237420873294364
2020-01-21,1.1427453798993477,1.2038522373665497
2020-01-22,1.1806059073235151,1.173969022727257
2020-01-23,1.1806059073235151,1.173969022727257
2020-01-24,1.2160054638371958,1.2038522373665497
2020-01-27,1.189031955101497,1.237420873294364
2020-01-28,1.2160054638371958,1.2599612827333464
2020-01-29,1.2160054638371958,1.2599612827333464
2020-01-30,1.2558989840642831,1.297186926076523
2020-01-31,1.2558989840642831,1.297186926076523
2020-02-03,1.2558989840642831,1.4106346469529576
2020-02-04,1.2558989840642831,1.4106346469529576
2020-02-05,1.3362369020362517,1.475449432079261
2020-02-06,1.3362369020362517,1.475449432079261
2020-02-07,1.3543559266697522,1.638758922298782
2020-02-10,1.4126790030760938,1.6847814286325358
2020-02-11,1.4965009855283884,1.7669877937051055
2020-02-12,1.4965009855283884,1.8436046261404282
2020-02-13,1.5247710168606825,1.8470475751670132
2020-02-14,1.5247710168606825,1.8470475751670123
2020-02-18,1.4624935723807568,1.8470475751670128
2020-02-19,1.4624935723807568,1.847047575167013
2020-02-20,1.496954439606422,1.8765033519604364
2020-02-21,1.5466468362798562,1.9216436999176905
2020-02-24,1.5466468362798562,2.002290385880734
2020-02-25,1.605023529366545,2.1068213217766534
2020-02-26,1.6947710168812398,2.258371940766776
2020-02-27,1.943144063865904,2.3775699915059487
2020-02-28,2.113199654427097,2.6831635295600367
2020-03-02,2.113199654427097,2.964997376762068
2020-03-03,2.168158483846604,3.0930098626482128
2020-03-04,2.168158483846604,3.098498881019431
2020-03-05,2.168158483846604,3.047006669188405
2020-03-06,2.2356722858910336,3.2250969975280235
2020-03-09,2.4830504702974485,3.4172076729765752
2020-03-10,2.9391771559360844,3.7016722804745035
2020-03-11,3.3614817179225405,3.881563120794155
2020-03-12,3.7467094539837302,4.271865289885023
2020-03-13,4.047015322453264,4.340404894336144
2020-03-16,4.108416152180368,4.772984215016626
2020-03-17,4.321134900033388,5.198227721473909
2020-03-18,4.55803672377712,5.486193277892225
2020-03-19,4.741553490547686,5.930865886922513
2020-03-20,5.054449954210846,6.3822729149661726
2020-03-23,5.287942977524076,6.030194938588696
2020-03-24,5.287942977524076,6.030194938588696
2020-03-25,5.403848998027502,6.435978115572141
2020-03-26,5.5865595014411165,6.435978115572141
2020-03-27,5.5865595014411165,6.030194938588696
2020-03-30,5.5865595014411165,6.264618718916314
2020-03-31,5.403848998027503,5.7677330948053385
2020-04-01,5.4038489980275015,5.7677330948053385
2020-04-02,5.403848998027502,5.7677330948053385
2020-04-03,5.403848998027502,5.7677330948053385
2020-04-06,5.418637853058315,5.7677330948053385
2020-04-07,5.418637853058314,5.7677330948053385
2020-04-08,5.418637853058312,5.7677330948053385
2020-04-09,5.088733399738971,5.5063533665997335
2020-04-13,4.419402371783812,5.353793428996491
2020-04-14,4.0064929515082275,5.261228117840799
2020-04-15,3.9475622483686807,4.884005819252144
2020-04-16,3.758341377222243,4.339244894012122
2020-04-17,3.5805881935401955,3.9617557540509782
2020-04-20,3.3765269704601626,3.587394729218788
2020-04-21,3.3765269704601617,3.5873947292187887
2020-04-22,3.324520594546299,3.342079689236684
2020-04-23,3.1848558226889763,3.303999657083459
2020-04-24,3.044577817192705,2.908446815930548
2020-04-27,2.89769140726275,2.496608306365757
2020-04-28,2.8976914072627507,2.496608306365757
2020-04-29,2.798488271090912,2.496608306365757
2020-04-30,2.710357896983002,2.4602131393423554
2020-05-01,2.7912415144213147,2.4602131393423554
2020-05-04,2.643039602717756,2.4602131393423554
2020-05-05,2.641485142759333,2.4336817442381973
2020-05-06,2.568461260971006,2.3739167307304365
2020-05-07,2.5011204772070004,2.3739167307304365
2020-05-08,2.5011204772070004,2.319654545803332
2020-05-11,2.5011204772070004,2.3739167307304365
2020-05-12,2.5011204772070004,2.3739167307304365
2020-05-13,2.5011204772070004,2.3739167307304365
2020-05-14,2.445137465934456,2.3739167307304365
2020-05-15,2.526985053849562,2.458201298912184
2020-05-18,2.583366437763539,2.458201298912184
2020-05-19,2.526985053849562,2.3739167307304365
2020-05-20,2.445137465934456,2.3739167307304365
2020-05-21,2.445137465934456,2.2662754038536166
2020-05-22,2.3599504748201574,2.200726550604766
2020-05-26,2.3599504748201574,2.4111636485902226
2020-05-27,2.2044916603450395,2.4111636485902226
2020-05-28,2.2044916603450395,2.201862913963887
2020-05-29,2.153858716433664,2.0916293764881693
2020-06-01,2.092503613542579,2.075710384160179
2020-06-02,1.9030484191453483,2.0242536428163076
2020-06-03,1.722754538931421,1.9082990207928132
2020-06-04,1.8570803276306849,1.9546027574977833
2020-06-05,2.092503613542579,2.0253900061754266
2020-06-08,2.092503613542579,2.09162937648817
2020-06-09,1.9052425680764409,2.0253900061754266
2020-06-10,1.737766869494202,2.0253900061754266
2020-06-11,1.737766869494202,2.025390006175427
2020-06-12,1.737766869494202,2.025390006175427
2020-06-15,1.737766869494202,2.025390006175427
2020-06-16,1.737766869494202,2.0916293764881697
2020-06-17,1.8726903117201512,2.0916293764881693
2020-06-18,1.872690311720151,2.0916293764881693
2020-06-19,1.9098489816145765,2.1174204987764744
2020-06-22,1.9953396828770877,2.155210461221042
2020-06-23,1.9953396828770875,2.117420498776475
2020-06-24,1.9953396828770875,2.117420498776474
2020-06-25,1.9098489816145767,2.1552104612210417
2020-06-26,1.9953396828770875,2.3515647584090558
2020-06-29,2.026520554457538,2.5153561344978086
2020-06-30,2.065587719474244,2.5364817968523274
2020-07-01,2.2019255843727312,2.5364817968523274
2020-07-02,2.2019255843727312,2.5364817968523266
2020-07-06,2.175837688634262,2.515356134497808
2020-07-07,2.246958623842924,2.5364817968523266
2020-07-08,2.246958623842924,2.5364817968523274
2020-07-09,2.273635483606258,2.515356134497808
2020-07-10,2.273635483606258,2.400270730586215
2020-07-13,2.273635483606258,2.400270730586214
2020-07-14,2.273635483606258,2.4002707305862137
2020-07-15,2.299723379344728,2.515356134497808
2020-07-16,2.299723379344728,2.515356134497808
2020-07-17,2.299723379344728,2.5153561344978086
2020-07-20,2.3806539589715587,2.530700344878198
2020-07-21,2.3806539589715587,2.530700344878199
2020-07-22,2.3806539589715587,2.5307003448781984
2020-07-23,2.3806539589715587,2.5307003448781984
2020-07-24,2.3806539589715587,2.5307003448781984
2020-07-27,2.299723379344728,2.400270730586214
2020-07-28,2.273635483606258,2.264193697091823
2020-07-29,2.246958623842924,2.1923371460891086
2020-07-30,2.246958623842924,2.2191102276460333
2020-07-31,2.246958623842924,2.344600603645131
2020-08-03,2.1859278498974497,2.527979608756924
2020-08-04,2.115995265229202,2.344600603645131
2020-08-05,2.115995265229202,2.344600603645131
2020-08-06,2.115995265229202,2.3131685200753176
2020-08-07,2.115995265229202,2.321575798658112
2020-08-10,2.085353673507056,2.321575798658112
2020-08-11,2.085353673507056,2.236509890091916
2020-08-12,2.018863323033085,2.236509890091916
2020-08-13,1.949852073588343,2.236509890091916
2020-08-14,1.949852073588343,2.236509890091916
2020-08-17,1.929837718753736,2.2228132292475284
2020-08-18,1.929837718753736,2.1542867957326512
2020-08-19,1.9298377187537363,2.1542867957326512
2020-08-20,1.929837718753736,2.1542867957326512
2020-08-21,1.9235186071823325,1.8509160622462584
2020-08-24,1.9459256459538352,1.8509160622462584
2020-08-25,1.9459256459538352,1.8562607709785413
2020-08-26,1.9988489681984787,2.114934775020596
2020-08-27,1.9235186071823327,2.114934775020596
2020-08-28,1.9006295262068131,1.933209988660983
2020-08-31,1.9006295262068122,1.8609480969560388
2020-09-01,1.923518607182333,1.6984210151601566
2020-09-02,1.971861474994004,1.8609480969560388
2020-09-03,1.9718614749940038,1.8609480969560388
2020-09-04,1.971861474994004,1.8609480969560386
2020-09-08,1.971861474994004,1.8609480969560388
2020-09-09,1.9718614749940038,1.8609480969560388
2020-09-10,2.0667071139073823,1.8609480969560388
2020-09-11,2.11588883970884,2.042672883315652
2020-09-14,2.228024712225908,2.2587040966078114
2020-09-15,2.228024712225908,2.258704096607811
2020-09-16,2.228024712225908,2.447752886198246
2020-09-17,2.4503527955930906,2.4477528861982467
2020-09-18,2.4503527955930906,2.4477528861982454
2020-09-21,2.6670945787042912,2.7239549128053935
2020-09-22,2.6670945787042912,2.917863398141111
2020-09-23,2.847382145892362,3.0281505109445694
2020-09-24,2.6670945787042912,3.1301526910223667
2020-09-25,2.6670945787042912,3.126507625127015
2020-09-28,2.6670945787042912,3.126507625127016
2020-09-29,2.6670945787042912,3.126507625127015
2020-09-30,2.6670945787042912,3.126507625127016
2020-10-01,2.548962864823824,3.1265076251270165
2020-10-02,2.462370326134822,3.02815051094457
2020-10-05,2.3790865968229253,2.917863398141111
2020-10-06,2.462370326134822,2.7739637633804763
2020-10-07,2.462370326134822,2.623136093225253
2020-10-08,2.3790865968229253,2.594745422067121
2020-10-09,2.3138064575537074,2.551664606886624
2020-10-12,2.3138064575537074,2.5947454220671204
2020-10-13,2.3138064575537074,2.594745422067121
2020-10-14,2.3132401699708707,2.4455195973913066
2020-10-15,2.235220049549244,2.445519597391306
2020-10-16,2.1229400175925104,2.228994355144941
2020-10-19,2.1229400175925104,2.228994355144941
2020-10-20,2.1229400175925104,2.149383512730431
2020-10-21,2.1229400175925104,2.145124988895514
2020-10-22,2.1229400175925104,2.0857312833402286
2020-10-23,1.980711050396975,2.010257655754128
2020-10-26,2.1229400175925104,2.0102576557541285
2020-10-27,2.1229400175925104,2.031128595633082
2020-10-28,2.235220049549244,2.0311285956330822
2020-10-29,2.273510242871967,2.031128595633082
2020-10-30,2.329664491553215,2.0311285956330827
2020-11-02,2.4977889090178285,2.090241609160842
2020-11-03,2.550583975252824,2.090241609160843
2020-11-04,2.741630140895242,2.145124988895514
2020-11-05,2.741630140895242,2.1451249888955135
2020-11-06,2.741630140895242,2.2247358313100243
2020-11-09,2.741630140895242,2.2247358313100234
2020-11-10,2.741630140895242,2.3055709555584087
2020-11-11,2.741630140895242,2.36432155597454
2020-11-12,2.741630140895242,2.364321555974539
2020-11-13,2.741630140895242,2.36432155597454
2020-11-16,2.678810880636692,2.232444053224524
2020-11-17,2.5358665487992127,2.232444053224524
2020-11-18,2.3679097163164413,2.232444053224524
2020-11-19,2.2496613230156894,2.232444053224524
2020-11-20,2.2496613230156903,2.232444053224524
2020-11-23,2.069454325791626,2.0970062412689927
2020-11-24,2.265677870954506,2.232444053224524
2020-11-25,2.069454325791626,2.0835453175897007
2020-11-27,1.9503435431057317,2.0835453175897007
2020-11-30,1.8626048556855122,1.98717706067803
2020-12-01,1.8626048556855117,1.9009074186862045
2020-12-02,1.8626048556855122,1.8348450962983156
2020-12-03,1.8460269179967055,1.7560735564603414
2020-12-04,1.832860614888764,1.7560735564603411
2020-12-07,1.8031800877516253,1.6200103539344244
2020-12-08,1.7607738087434353,1.6200103539344246
2020-12-09,1.7607738087434353,1.6200103539344242
2020-12-10,1.8031800877516255,1.5335450609770631
2020-12-11,1.8031800877516262,1.5335450609770631
2020-12-14,1.8031800877516255,1.5580039230864262
2020-12-15,1.8023982486265677,1.558003923086426
2020-12-16,1.8023982486265677,1.5580039230864262
2020-12-17,1.8460269179967053,1.5198505031303202
2020-12-18,1.8613824653235647,1.558003923086426
2020-12-21,1.886517245959529,1.616782080415321
2020-12-22,1.8189761863153744,1.6167820804153206
2020-12-23,1.6106992626688024,1.51985050313032
2020-12-24,1.6106992626688024,1.51985050313032
2020-12-28,1.6696834793657995,1.5198505031303202
2020-12-29,1.678240322312957,1.51985050313032
2020-12-30,1.6782403223129563,1.5198505031303204
2020-12-31,1.4509817809057484,1.5236466855423192
2021-01-04,1.678240322312957,1.580344607171451
2021-01-05,1.7992706106137708,1.5803446071714509
2021-01-06,1.9553301825634561,1.6425048388472554
2021-01-07,2.0412151723168237,1.6425048388472558
2021-01-08,2.012214317718455,1.6121357682219666
2021-01-11,1.960882871330858,1.6121357682219666
2021-01-12,2.012214317718455,1.6121357682219666
2021-01-13,1.9608828713308586,1.6121357682219666
2021-01-14,2.012214317718455,1.6485732414658363
2021-01-15,2.012214317718455,1.6121357682219664
2021-01-19,2.0412151723168237,1.648573241465837
2021-01-20,2.168677736929301,1.653078150437697
2021-01-21,2.1686777369293004,1.6530781504376968
2021-01-22,2.1686777369293004,1.6714392859359035
2021-01-25,2.3308216786561,1.741646743157424
2021-01-26,2.3308216786561,1.7616751432960351
2021-01-27,2.3308216786560996,1.8206550268541732
2021-01-28,2.457958573421944,1.8831887402074527
2021-01-29,2.54470926542616,1.949796745166268
2021-02-01,2.694184424912057,2.076723108426119
2021-02-02,2.5447092654261603,1.949796745166268
2021-02-03,2.694184424912057,2.076723108426119
2021-02-04,2.5447092654261603,1.949796745166268
2021-02-05,2.4579585734219442,1.8272649146617623
2021-02-08,2.493883679283631,1.8272649146617623
2021-02-09,2.493883679283631,1.8272649146617626
2021-02-10,2.427057057728704,1.949796745166268
2021-02-11,2.427057057728704,1.949796745166268
2021-02-12,2.3119633589000625,1.8272649146617623
2021-02-16,2.3700932779401525,1.8272649146617623
2021-02-17,2.219074473249823,1.7447028011698715
2021-02-18,2.151024440258368,1.6180467742286293
2021-02-19,2.1334342227808767,1.5192901024095151
2021-02-22,2.1334342227808767,1.5192901024095151
2021-02-23,2.1334342227808767,1.5192901024095151
2021-02-24,2.151024440258368,1.5192901024095151
2021-02-25,2.151024440258368,1.5192901024095153
2021-02-26,2.151024440258368,1.519290102409515
2021-03-01,2.0996274729723856,1.5192901024095151
2021-03-02,2.000005067542845,1.5192901024095151
2021-03-03,2.0000050675428445,1.5866873829317862
2021-03-04,2.000005067542845,1.5866873829317862
2021-03-05,2.1095475869237514,1.7347300499810265
2021-03-08,2.219074473249823,1.9473698393500716
2021-03-09,2.0514020348288278,1.947369839350072
2021-03-10,2.0933528676558586,2.1027804616922587
2021-03-11,2.151482786695948,2.0917881722396747
2021-03-12,2.174287382767137,2.0917881722396747
2021-03-15,2.1742873827671376,2.0917881722396743
2021-03-16,2.2963423739285997,2.0917881722396747
2021-03-17,2.54045379617993,2.189207290919533
2021-03-18,2.5404537961799294,2.189207290919533
2021-03-19,2.540453796179929,2.1892072909195326
2021-03-22,2.5404537961799294,2.189207290919533
2021-03-23,2.2963423739286,2.0917881722396743
2021-03-24,2.0657801665359408,1.936377549897488
2021-03-25,2.0657801665359408,1.9363775498974882
2021-03-26,2.042975570464752,1.936377549897488
2021-03-29,2.0657801665359408,2.070494874471411
2021-03-30,2.0657801665359408,2.070494874471411
2021-03-31,2.042975570464752,2.070494874471411
2021-04-01,2.042975570464752,2.0129738713788847
2021-04-05,2.042975570464752,2.012973871378885
2021-04-06,1.9209889642092108,1.8537699778724717
2021-04-07,1.9209889642092108,1.8537699778724717
2021-04-08,1.8042678995401016,1.7031630542979832
2021-04-09,1.7804162561816463,1.6741243828343526
2021-04-12,1.751034334058574,1.6741243828343526
2021-04-13,1.751034334058574,1.6741243828343526
2021-04-14,1.6840599227330877,1.5848111089095789
2021-04-15,1.684059922733088,1.4662460312580656
2021-04-16,1.6229969943698037,1.4117125899745808
2021-04-19,1.5886087345246325,1.4250271784081234
2021-04-20,1.6229969943698044,1.4008463453223563
2021-04-21,1.618532924000247,1.351913088514253
2021-04-22,1.618532924000247,1.4008463453223563
2021-04-23,1.6185329240002466,1.4008463453223559
2021-04-26,1.5739508342593505,1.3519130885142534
2021-04-27,1.4917785606595775,1.3098692320074088
2021-04-28,1.5739508342593505,1.351913088514253
2021-04-29,1.491778560659578,1.351913088514253
2021-04-30,1.4236369739984895,1.3481305552994525
2021-05-03,1.423636973998489,1.3098692320074088
2021-05-04,1.453890474196846,1.3481305552994525
2021-05-05,1.4538904741968464,1.3481305552994525
2021-05-06,1.5075123720040309,1.383749223674013
2021-05-07,1.453890474196846,1.3481305552994525
2021-05-10,1.453890474196846,1.3951019813075414
2021-05-11,1.5360627477966196,1.4121991029558845
2021-05-12,1.627233871725484,1.4121991029558845
2021-05-13,1.5501553208267993,1.4536216280740493
2021-05-14,1.617688156835858,1.490043075360921
2021-05-17,1.617688156835858,1.490043075360921
2021-05-18,1.617688156835858,1.4900430753609208
2021-05-19,1.6610467792739763,1.5583351493255329
2021-05-20,1.6493853594063748,1.5583351493255329
2021-05-21,1.5653422676107178,1.490043075360921
2021-05-24,1.649385359406375,1.490043075360921
2021-05-25,1.6493853594063743,1.490043075360921
2021-05-26,1.5653422676107178,1.490043075360921
2021-05-27,1.6072771320821895,1.4756469563804309
2021-05-28,1.607277132082189,1.475646956380431
2021-06-01,1.6072771320821893,1.490043075360921
2021-06-02,1.5714184476482458,1.475646956380431
2021-06-03,1.5714184476482467,1.4598745262254949
2021-06-04,1.529483583176775,1.4598745262254949
2021-06-07,1.5294835831767752,1.475646956380431
2021-06-08,1.4848658212924013,1.4598745262254949
2021-06-09,1.4169196989618442,1.4497140158512527
2021-06-10,1.3061820343154595,1.4497140158512527
2021-06-11,1.2457948646726411,1.415474220478643
2021-06-14,1.2309763070665265,1.3863669107935133
2021-06-15,1.2007586065685687,1.3863669107935133
2021-06-16,1.2007586065685685,1.3863669107935133
2021-06-17,1.2007586065685683,1.3863669107935133
2021-06-18,1.2007586065685687,1.377069489819961
2021-06-21,1.2457948646726411,1.3770694898199611
2021-06-22,1.2007586065685687,1.363855285041931
2021-06-23,1.1906496555095163,1.363855285041931
2021-06-24,1.1510065770758708,1.363855285041931
2021-06-25,1.130494352020207,1.363855285041931
2021-06-28,1.1304943520202064,1.363855285041931
2021-06-29,1.1304943520202066,1.3557868198837202
2021-06-30,1.105640433398011,1.31451783662853
2021-07-01,1.1167848700473169,1.2444196603494944
2021-07-02,1.1167848700473169,1.2444196603494944
2021-07-06,1.1393208314817238,1.2444196603494944
2021-07-07,1.1393208314817238,1.2391303309741053
2021-07-08,1.1510065770758706,1.271498738870645
2021-07-09,1.1393208314817238,1.2391303309741053
2021-07-12,1.1084612320057716,1.2391303309741053
2021-07-13,1.1059582162700377,1.271498738870645
2021-07-14,1.1059582162700377,1.271498738870645
2021-07-15,1.1059582162700377,1.2082525483939566
2021-07-16,1.0737388367667229,1.2082525483939566
2021-07-19,1.0737388367667229,1.2082525483939566
2021-07-20,1.0737388367667229,1.2082525483939566
2021-07-21,1.1059582162700377,1.2082525483939566
2021-07-22,1.0737388367667229,1.2082525483939566
2021-07-23,1.1059582162700377,1.235514343301844
2021-07-26,1.1886484790495464,1.235514343301844
2021-07-27,1.2582807540222891,1.3092285072531409
2021-07-28,1.3764370466585003,1.3288007612684265
2021-07-29,1.3764370466585003,1.3288007612684265
2021-07-30,1.3068047716857571,1.3288007612684265
2021-08-02,1.1047834947906203,1.235514343301844
2021-08-03,1.2745853921824426,1.1775574822005446
2021-08-04,1.2745853921824426,1.1376304293247876
2021-08-05,1.0526060884221045,1.1376304293247876
2021-08-06,1.0526060884221045,1.1376304293247876
2021-08-09,1.222032988789585,1.1648922242326751
2021-08-10,1.2020749619243838,1.1648922242326751
2021-08-11,1.2296195631040732,1.1648922242326751
2021-08-12,1.136037835546567,1.212039370524367
2021-08-13,1.136037835546567,1.212039370524367
2021-08-16,1.136037835546567,1.212039370524367
2021-08-17,1.136037835546567,1.1648922242326751
2021-08-18,1.136037835546567,1.1648922242326751
2021-08-19,1.277898133807358,1.212039370524367
2021-08-20,1.277898133807358,1.224278869753984
2021-08-23,1.277898133807358,1.224278869753984
2021-08-24,1.1729337481587678,1.2121180010865416
2021-08-25,1.1246331765284827,1.2121180010865416
2021-08-26,1.1246331765284827,1.2121180010865416
2021-08-27,1.1729337481587678,1.224278869753984
2021-08-30,1.241618057128171,1.224278869753984
2021-08-31,1.1729337481587678,1.224278869753984
2021-09-01,1.1729337481587678,1.227576944827535
2021-09-02,1.241618057128171,1.227576944827535
2021-09-03,1.2959693163268329,1.227576944827535
2021-09-07,1.2386896663755145,1.2154160761600927
2021-09-08,1.2386896663755145,1.1851240807034538
2021-09-09,1.2386896663755145,1.2154160761600927
2021-09-10,1.2959693163268329,1.2154160761600927
2021-09-13,1.3145936623781385,1.2154160761600927
2021-09-14,1.2959693163268329,1.1851240807034538
2021-09-15,1.2959693163268329,1.1851240807034538
2021-09-16,1.2817797964272435,1.1851240807034538
2021-09-17,1.2817797964272435,1.1851240807034538
2021-09-20,1.2817797964272435,1.1851240807034538
2021-09-21,1.2817797964272435,1.1910228688450282
2021-09-22,1.2959693163268329,1.20146240677234
2021-09-23,1.2959693163268329,1.1701321121830697
2021-09-24,1.3145936623781385,1.1626439101413455
2021-09-27,1.3145936623781385,1.1626439101413455
2021-09-28,1.3476180537818694,1.1876949491864297
2021-09-29,1.389182031453818,1.212088156501494
2021-09-30,1.4263879631384613,1.261132180443704
2021-10-01,1.4263879631384613,1.4073358307238113
2021-10-04,1.4688357236326677,1.4962310322979198
2021-10-05,1.5798103519348867,1.518511008076576
2021-10-06,1.802398179881095,1.596336408904356
2021-10-07,1.802398179881095,1.518511008076576
2021-10-08,1.5798103519348867,1.4962310322979198
2021-10-11,1.5798103519348867,1.5740564331257
2021-10-12,1.802398179881095,1.5740564331257
2021-10-13,1.5798103519348867,1.5740564331257
2021-10-14,1.6483001150030328,1.716603251455303
2021-10-15,1.5668028570772443,1.549882649053414
2021-10-18,1.4688357236326677,1.549882649053414
2021-10-19,1.4688357236326677,1.549882649053414
2021-10-20,1.537325486700814,1.3080551287078812
2021-10-21,1.537325486700814,1.41174657677044
2021-10-22,1.6377144208756325,1.41174657677044
2021-10-25,1.7054348608191523,1.41174657677044
2021-10-26,1.6377144208756325,1.3080551287078812
2021-10-27,1.6377144208756325,1.3958580435064962
2021-10-28,1.6377144208756325,1.2856162193243348
2021-10-29,1.6377144208756325,1.2856162193243348
2021-11-01,1.6377144208756325,1.2856162193243348
2021-11-02,1.5990302114047616,1.251944646474178
2021-11-03,1.486185932337296,1.2486392697819937
2021-11-04,1.5990302114047616,1.2757604665125477
2021-11-05,1.5990302114047616,1.2856162193243348
2021-11-08,1.5990302114047616,1.2757604665125477
2021-11-09,1.5990302114047616,1.2757604665125477
2021-11-10,1.6377144208756325,1.2823108426321506
2021-11-11,1.6014520121350038,1.2598322479910031
2021-11-12,1.7054348608191523,1.2360164279526336
2021-11-15,1.7054348608191523,1.196322462974018
2021-11-16,1.7054348608191523,1.2360164279526336
2021-11-17,1.6667506513482817,1.24138012181165
2021-11-18,1.7517715433596799,1.24138012181165
2021-11-19,1.6477886946755318,1.24138012181165
2021-11-22,1.6477886946755318,1.2598322479910031
2021-11-23,1.776901683077869,1.2861561290915828
2021-11-24,1.6477886946755318,1.2649452508082062
2021-11-26,1.6477886946755318,1.2861561290915828
2021-11-29,1.6477886946755318,1.2734256555955037
2021-11-30,1.6477886946755318,1.2734256555955037
2021-12-01,1.7436307949586345,1.2871266948667228
2021-12-02,1.8327170514458477,1.361884448752138
2021-12-03,1.8327170514458477,1.361884448752138
2021-12-06,1.9174772674476153,1.471874570941682
2021-12-07,1.917477267447615,1.5408253199027464
2021-12-08,1.8328084681700738,1.5408253199027464
2021-12-09,1.7545434199545642,1.5408253199027464
2021-12-10,1.754543419954564,1.6318560940047444
2021-12-13,1.7436307949586345,1.6318560940047444
2021-12-14,1.754543419954564,1.71398022495685
2021-12-15,1.8328084681700738,1.7351582024322627
2021-12-16,1.9398684569424232,2.07052764478785
2021-12-17,1.9398684569424232,2.382773256635666
2021-12-20,1.9398684569424234,2.382773256635666
2021-12-21,1.9398684569424232,2.382773256635666
2021-12-22,2.0095437322874377,2.382773256635666
2021-12-23,2.0095437322874377,2.382773256635666
2021-12-27,1.960755913629718,2.363094558391615
2021-12-28,1.9607559136297181,2.363094558391615
2021-12-29,1.8129070067934192,2.208068838573552
2021-12-30,1.7100361990670132,1.8923780944620152
2021-12-31,1.6615372973865024,1.8802968304510517
2022-01-03,1.5794771535786838,1.8802968304510517
2022-01-04,1.5794771535786838,1.8802968304510517
2022-01-05,1.5794771535786838,2.208068838573552
2022-01-06,1.6615372973865024,2.3272495885062305
2022-01-07,1.7325797341999591,2.3272495885062305
2022-01-10,1.8354505419263651,2.3272495885062305
2022-01-11,1.9028959558012386,2.3272495885062305
2022-01-12,1.8354505419263651,2.215262495745452
2022-01-13,1.8354505419263651,2.215262495745452
2022-01-14,1.8354505419263651,2.206321758826281
2022-01-18,1.7325797341999591,2.206321758826281
2022-01-19,1.8671673208195552,2.2881154629024048
2022-01-20,1.8671673208195552,2.2881154629024048
2022-01-21,1.8671673208195552,2.2881154629024048
2022-01-24,2.029639611016829,2.3763100267218515
2022-01-25,2.131060575371319,2.5593530485688736
2022-01-26,2.236711045814959,2.7114683893180644
2022-01-27,2.423541055159907,2.8155625717524027
2022-01-28,2.579183013053607,2.9981653041921588
2022-01-31,2.6388576016156016,2.9981653041921588
2022-02-01,2.640618531662375,2.9981653041921588
2022-02-02,2.742837109340926,2.9981653041921588
2022-02-03,2.742837109340926,2.9981653041921588
2022-02-04,2.9542755136361616,3.005593417009877
2022-02-07,3.184424986969532,3.005593417009877
2022-02-08,2.9542755136361616,2.8787587212020145
2022-02-09,2.9542755136361616,2.8787587212020145
2022-02-10,2.9542755136361616,2.8787587212020145
2022-02-11,3.068572348001311,2.8787587212020145
2022-02-14,3.068572348001311,2.8787587212020145
2022-02-15,3.068572348001311,2.8787587212020145
2022-02-16,3.068572348001311,2.8279531539176608
2022-02-17,3.068572348001311,2.7114438557065697
2022-02-18,2.767018362430267,2.631106827361255
2022-02-22,2.767018362430267,2.5353624715956915
2022-02-23,3.0265219607009923,2.5353624715956915
2022-02-24,3.0265219607009914,2.5353624715956915
2022-02-25,2.9551174484633176,2.423745540031857
2022-02-28,2.6948235286370457,2.369803844757385
2022-03-01,2.6948235286370457,2.423745540031857
2022-03-02,2.6948235286370457,2.5179251250147865
2022-03-03,2.5691329331711543,2.6064642961794924
2022-03-04,2.5691329331711543,2.6064642961794924
2022-03-07,2.5691329331711543,2.6064642961794924
2022-03-08,2.5691329331711543,2.6064642961794924
2022-03-09,2.6948235286370457,2.6375992363658027
2022-03-10,2.6948235286370457,2.6375992363658027
2022-03-11,2.7822765819286213,2.6375992363658027
2022-03-14,2.7822765819286217,2.6375992363658027
2022-03-15,2.9303443612787565,2.791011003821584
2022-03-16,3.018774893787052,2.9939587760110244
2022-03-17,3.018774893787052,2.9939587760110244
2022-03-18,2.9510853563764217,2.9939587760110244
2022-03-21,2.9510853563764217,2.9939587760110244
2022-03-22,2.9510853563764217,2.9939587760110244
2022-03-23,2.889680308762314,2.8417231387144897
2022-03-24,2.781486260373073,2.7020089648641146
2022-03-25,2.65658598646273,2.7020089648641146
2022-03-28,2.65658598646273,2.7020089648641146
2022-03-29,2.65658598646273,2.670874024677804
2022-03-30,2.65658598646273,2.4495668527858347
2022-03-31,2.622302254205504,2.24897095536752
2022-04-01,2.2762824264671404,2.1300452704569466
2022-04-04,2.209009552017191,2.1107974394849256
2022-04-05,2.171697531377175,2.095155768362731
2022-04-06,2.171697531377175,2.095155768362731
2022-04-07,2.171697531377175,2.0980362639770496
2022-04-08,2.1253464089112875,2.065666151258706
2022-04-11,2.1253464089112875,2.065666151258706
2022-04-12,2.1253464089112875,2.065666151258706
2022-04-13,1.980154752508294,2.065666151258706
2022-04-14,2.1253464089112875,2.065666151258706
2022-04-18,1.980154752508294,2.047667616685857
2022-04-19,1.980154752508294,2.065666151258706
2022-04-20,1.980154752508294,2.0643960582820062
2022-04-21,2.1253464089112875,2.114403599334752
2022-04-22,2.1253464089112875,2.24897095536752
2022-04-25,2.203807425206444,2.3869004655802764
2022-04-26,2.3709242181702086,2.476694536435564
2022-04-27,2.529944453104095,2.5994295779743943
2022-04-28,2.601947824494156,2.6938428139999493
2022-04-29,2.73640132753777,2.9068411770155147
2022-05-02,2.9152969957860018,3.079544016423025
2022-05-03,2.9152969957860018,3.079544016423025
2022-05-04,3.072234836022543,3.1523082342202478
2022-05-05,3.2524756073246928,3.1523082342202478
2022-05-06,3.2524756073246923,3.1523082342202478
2022-05-09,3.2524756073246928,3.249571185174714
2022-05-10,3.2524756073246928,3.2545217790185483
2022-05-11,3.0722348360225413,3.2545217790185483
2022-05-12,3.2524756073246928,3.3525001480680583
2022-05-13,3.4344899604565944,3.3525001480680583
2022-05-16,3.4344899604565944,3.5001426026555498
2022-05-17,3.4344899604565944,3.5001426026555498
2022-05-18,3.4344899604565944,3.633467413185092
2022-05-19,3.2622731605570343,3.5001426026555498
2022-05-20,3.2622731605570343,3.5500607694077724
2022-05-23,3.0820323892548838,3.3525001480680583
2022-05-24,3.2622731605570343,3.3525001480680583
2022-05-25,3.031356784509674,3.2545217790185483
2022-05-26,3.0313567845096743,3.1584425549512707
2022-05-27,2.9213456496233903,3.0807277433102147
2022-05-31,2.9213456496233903,3.056026136149367
2022-06-01,3.05152657385294,3.056026136149367
2022-06-02,3.0515265738529394,3.056026136149367
2022-06-03,2.9213456496233903,2.980476255313202
2022-06-06,2.9141030236038725,2.980476255313202
2022-06-07,2.9141030236038725,2.8923948814917715
2022-06-08,2.8791670905187203,2.8239737500766697
2022-06-09,2.986186111902264,2.8239737500766697
2022-06-10,2.8791670905187203,2.8239737500766697
2022-06-13,2.685067992913936,2.8239737500766697
2022-06-14,2.685067992913936,2.7233479873562834
2022-06-15,2.8791670905187203,2.8239737500766697
2022-06-16,2.8791670905187208,2.7233479873562842
2022-06-17,2.986186111902265,2.723347987356284
2022-06-21,2.979261044930822,2.625545077860343
2022-06-22,2.979261044930822,2.625545077860343
2022-06-23,2.829809435926554,2.6011627437446854
2022-06-24,2.9792610449308228,2.4641029962383945
2022-06-27,2.863842244339156,2.4641029962383945
2022-06-28,2.901587850303322,2.6011627437446854
2022-06-29,2.752136241299055,2.6011627437446854
2022-06-30,2.7521362412990547,2.585620784357388
2022-07-01,2.597305857861075,2.4837747949264446
2022-07-05,2.7521362412990547,2.585620784357388
2022-07-06,2.901587850303323,2.4837747949264446
2022-07-07,3.023931717866432,2.362257006807451
2022-07-08,3.023931717866431,2.362257006807451
2022-07-11,2.901587850303322,2.277926684718666
2022-07-12,2.9166505093707955,2.277926684718666
2022-07-13,2.994415240375244,2.184997374589354
2022-07-14,2.994415240375244,2.277926684718666
2022-07-15,2.8940590988510504,2.1988445237763417
2022-07-18,2.8940590988510504,2.277926684718666
2022-07-19,2.8940590988510504,2.2723493775837476
2022-07-20,2.801231708779129,2.2998756205162554
2022-07-21,2.842430911322465,2.2998756205162554
2022-07-22,2.920195642326914,2.332861243481413
2022-07-25,2.920195642326914,2.299875620516256
2022-07-26,2.9201956423269135,2.3566796996725325
2022-07-27,2.920195642326914,2.3566796996725325
2022-07-28,2.9201956423269144,2.36582356288826
2022-07-29,2.920195642326914,2.2998756205162554
2022-08-01,2.920195642326914,2.2998756205162554
2022-08-02,2.847409675805836,2.226370766708849
2022-08-03,2.8212731323299725,2.2998756205162554
2022-08-04,2.7846415432430502,2.2998756205162554
2022-08-05,2.7846415432430502,2.2998756205162554
2022-08-08,2.7846415432430502,2.34086799557052
2022-08-09,2.7147681169483424,2.2998756205162554
2022-08-10,2.6206505986646524,2.2998756205162554
2022-08-11,2.6206505986646524,2.226370766708849
2022-08-12,2.6206505986646524,2.138707999188216
2022-08-15,2.5255045136078387,1.9808564194325282
2022-08-16,2.459693677748659,1.9472095610747377
2022-08-17,2.38081237473122,1.9252284288592945
2022-08-18,2.216376608556768,1.8624010176426784
2022-08-19,2.0550311921727498,1.7843712907309146
2022-08-22,1.9891860869326032,1.8216655428930453
2022-08-23,1.9035293245490723,1.7296609945570274
2022-08-24,1.826565794576339,1.6700480557816073
2022-08-25,1.826565794576339,1.625643696954723
2022-08-26,1.826565794576339,1.625643696954723
2022-08-29,1.826565794576339,1.5003123483612777
2022-08-30,1.8265657945763387,1.5003123483612777
2022-08-31,1.826565794576339,1.5003123483612777
2022-09-01,1.8915055647218972,1.625643696954723
2022-09-02,1.960546507697387,1.625643696954723
2022-09-06,1.9605465076973867,1.625643696954723
2022-09-07,1.989186086932603,1.6256436969547234
2022-09-08,2.088815837148953,1.6700480557816073
2022-09-09,1.9605465076973867,1.785268454620315
2022-09-12,1.960546507697387,1.7408640957934305
2022-09-13,2.088815837148953,1.8772730029563327
2022-09-14,2.088815837148953,1.8772730029563327
2022-09-15,2.2540569325952244,1.9955216719828537
2022-09-16,2.2540569325952244,1.9955216719828537
2022-09-19,2.2540569325952244,1.9955216719828537
2022-09-20,2.2540569325952244,1.9862060160733221
2022-09-21,2.311254351553499,2.139057518070091
2022-09-22,2.3112543515534996,2.177654869934538
2022-09-23,2.2800933963558183,2.196114020149638
2022-09-26,2.231097870533937,2.177654869934538
2022-09-27,2.2800933963558183,2.1961140201496376
2022-09-28,2.280093396355818,2.196114020149638
2022-09-29,2.2800933963558183,2.253707221561461
2022-09-30,2.2800933963558188,2.3291983166207757
2022-10-03,2.2800933963558183,2.329198316620776
2022-10-04,2.280093396355818,2.257140483888051
2022-10-05,2.2800933963558188,2.412533005344567
2022-10-06,2.219138372155093,2.412533005344567
2022-10-07,2.238339186831914,2.5463777295145453
2022-10-10,2.238339186831914,2.605248072777209
2022-10-11,2.238339186831914,2.5463777295145453
2022-10-12,2.238339186831914,2.5463777295145453
2022-10-13,2.238339186831914,2.5463777295145453
2022-10-14,2.545633126980073,2.605248072777209
2022-10-17,2.5456331269800727,2.6052480727772096
2022-10-18,2.8806049705416323,2.7485535390288827
2022-10-19,2.545633126980073,2.605248072777209
2022-10-20,2.880604970541632,2.66370063644697
2022-10-21,2.930962215561117,2.807006102698644
2022-10-24,2.9309622155611166,2.807006102698644
2022-10-25,2.880604970541632,2.6870992734605466
2022-10-26,2.8806049705416314,2.6870992734605466
2022-10-27,2.930962215561117,2.8070061026986437
2022-10-28,2.930962215561117,2.807006102698644
2022-10-31,2.8231583173029695,2.6870992734605466
2022-11-01,2.930962215561117,3.07106465933549
2022-11-02,2.970551842699276,3.447193252379173
2022-11-03,3.1772926900905767,3.447193252379174
2022-11-04,3.313878474017085,3.4517362234120066
2022-11-07,3.313878474017085,3.308700211038341
2022-11-08,3.313878474017085,3.308700211038341
2022-11-09,3.313878474017085,3.308700211038341
2022-11-10,3.192918152527012,3.278621374598879
2022-11-11,3.192918152527012,3.0650719547302767
2022-11-14,3.192918152527013,3.0650719547302767
2022-11-15,3.192918152527012,2.940844619975413
2022-11-16,3.1929181525270116,2.940844619975413
2022-11-17,3.1929181525270125,2.940844619975413
2022-11-18,3.0890880403798255,2.763820340060888
2022-11-21,3.140679236077851,2.7095406930520083
2022-11-22,3.203401207738633,2.7095406930520083
2022-11-23,3.1406792360778506,2.4954540817714577
2022-11-25,3.0890880403798255,2.388869050152236
2022-11-28,2.7769873176757045,2.3725720365559484
2022-11-29,2.776987317675705,2.3725720365559484
2022-11-30,2.776987317675705,2.3725720365559484
2022-12-01,2.45575428301348,2.184407142334213
2022-12-02,2.4266572965187283,2.184407142334213
2022-12-05,2.40718060382051,2.1725919668678193
2022-12-06,2.4266572965187283,2.1725919668678197
2022-12-07,2.4088575079156445,1.997999877004364
2022-12-08,2.399794456913795,2.1696512313398397
2022-12-09,2.300708590140042,1.997999877004364
2022-12-12,2.177875993049678,1.997999877004364
2022-12-13,2.3007085901400424,2.0850368950882587
2022-12-14,2.300708590140042,2.0850368950882583
2022-12-15,2.399794456913795,2.211262785817945
2022-12-16,2.300708590140042,2.211262785817945
2022-12-19,2.300708590140042,2.298817857597506
2022-12-20,2.157122237843577,2.298817857597505
2022-12-21,2.157122237843577,2.298817857597506
2022-12-22,2.21245313783044,2.360756861089554
2022-12-23,2.3098621005090587,2.360756861089555
2022-12-27,2.316424863069175,2.298817857597506
2022-12-28,2.399794456913795,2.334096795390185
2022-12-29,2.399794456913795,2.3340967953901846
2022-12-30,2.399794456913795,2.334096795390185
2023-01-02,,
2023-01-03,2.4440852062967338,2.3340967953901846
2023-01-04,2.512327545280151,2.476690873301268
2023-01-05,2.4440852062967338,2.476690873301268
2023-01-06,2.512327545280151,2.5942492758887012
2023-01-09,2.5358699113797734,2.5942492758887012
2023-01-10,2.544917447418339,2.594249275888701
2023-01-11,2.6109591019046,2.594249275888701
2023-01-12,2.544917447418339,2.594249275888701
2023-01-13,2.535869911379773,2.476690873301268
2023-01-16,,
2023-01-17,2.5102414176841608,2.3093067677387857
2023-01-18,2.5102414176841608,2.3093067677387857
2023-01-19,2.5102414176841608,2.188655313293176
2023-01-20,2.5358699113797734,2.309306767738786
2023-01-23,2.578137193482549,2.319955894408288
2023-01-24,2.5760510658865594,2.199304439962677
2023-01-25,2.537438774968504,2.319955894408288
2023-01-26,2.5374387749685035,2.45539491818228
2023-01-27,2.5663467043456016,2.408915814935682
2023-01-30,2.5374387749685035,2.199304439962677
2023-01-31,2.5374387749685035,2.199304439962677
2023-02-01,2.5374387749685035,2.199304439962677
2023-02-02,2.472014925373142,2.199304439962677
2023-02-03,2.5374387749685035,2.199304439962677
2023-02-06,2.472014925373142,2.1059843171365484
2023-02-07,2.475669916557861,2.1801566683355613
2023-02-08,2.475669916557861,2.408915814935682
2023-02-09,2.475669916557861,2.568905418688787
2023-02-10,2.5663467043456016,2.408915814935682
2023-02-13,2.5663467043456016,2.568905418688787
2023-02-14,2.6049589952636576,2.568905418688787
2023-02-15,2.6216196420528566,2.408915814935682
2023-02-16,2.621619642052856,2.408915814935682
2023-02-17,2.6049589952636576,2.1820409638286358
2023-02-21,2.5663467043456016,2.055148821425624
2023-02-22,2.5663467043456016,2.055148821425624
2023-02-23,2.5115731588310912,2.055148821425624
2023-02-24,2.511573158831091,1.9329818625617732
2023-02-27,2.419020655625312,1.9329818625617732
2023-02-28,2.419020655625312,1.9329818625617732
2023-03-01,2.419020655625312,1.9667056747593483
2023-03-02,2.4190206556253124,1.9667056747593483
2023-03-03,2.419020655625312,1.7678556450292695
2023-03-06,2.367187144570297,1.6731896192561286
2023-03-07,2.356463984943952,1.6906771475871
2023-03-08,2.232599848655483,1.6731896192561289
2023-03-09,2.232599848655483,1.6731896192561289
2023-03-10,2.232599848655483,1.673189619256129
2023-03-13,2.232599848655483,1.6906771475871
2023-03-14,2.2514729830057574,1.6906771475871
2023-03-15,2.251472983005757,1.6906771475871
2023-03-16,2.2514729830057574,1.7690927213257095
2023-03-17,2.2514729830057574,1.8448451061133264
2023-03-20,2.1561931786470705,2.042458059546965
2023-03-21,2.2514729830057574,2.0445379958305256
2023-03-22,2.356463984943952,2.08745759102004
2023-03-23,2.280057314935539,2.08745759102004
2023-03-24,2.280057314935539,2.08745759102004
2023-03-27,2.500072779467528,2.099134950552795
2023-03-28,2.644655784801887,2.099134950552795
2023-03-29,2.644655784801887,2.099134950552795
2023-03-30,2.500072779467528,2.0448554560997474
2023-03-31,2.629664005646046,2.099134950552795
2023-04-03,2.6296640056460454,2.099134950552795
2023-04-04,2.6296640056460454,2.099134950552795
2023-04-05,2.6296640056460454,2.099134950552795
2023-04-06,2.6296640056460454,2.099134950552795
2023-04-10,2.5469747879134537,2.056215355363281
2023-04-11,2.3863648820975047,1.9998559246266727
2023-04-12,2.468444273094687,1.954384190212041
2023-04-13,2.3863648820975047,1.954384190212041
2023-04-14,2.2694998687012617,1.8441002345002961
2023-04-17,2.0220539451223294,1.832512229591011
2023-04-18,2.1877128069490075,1.7355645856836408
2023-04-19,1.9962105137906585,1.6818834766703228
2023-04-20,1.9778707558558484,1.6692161117778308
2023-04-21,1.9778707558558484,1.6549409916523807
2023-04-24,1.979153523319156,1.6549409916523807
2023-04-25,1.979153523319156,1.6549409916523807
2023-04-26,1.9791535233191562,1.6692161117778308
2023-04-27,2.1410970761595545,1.6818834766703228
2023-04-28,2.1410970761595545,1.735564585683641
2023-05-01,2.100927725828321,1.6818834766703228
2023-05-02,2.100927725828321,1.7076552417644046
2023-05-03,2.1410970761595545,1.7076552417644046
2023-05-04,2.100927725828321,1.7076552417644046
2023-05-05,1.9573239309227328,1.7076552417644046
2023-05-08,1.957323930922733,1.699777496554189
2023-05-09,2.100927725828321,1.699777496554189
2023-05-10,2.100927725828321,1.6903216835713022
2023-05-11,2.1410970761595545,1.6597306113346573
2023-05-12,2.1410970761595545,1.6063045409352876
2023-05-15,2.1410970761595545,1.565341399248172
2023-05-16,2.2440021042687945,1.5242087563485014
2023-05-17,2.343308331557479,1.4566643809762645
2023-05-18,2.343308331557479,1.5260209477616975
2023-05-19,2.39751627590291,1.5260209477616975
2023-05-22,2.544335113496165,1.4566643809762645
2023-05-23,2.39751627590291,1.4566643809762645
2023-05-24,2.343308331557479,1.42721605642993
2023-05-25,2.343308331557479,1.42721605642993
2023-05-26,2.343308331557479,1.42721605642993
2023-05-30,2.39751627590291,1.4566643809762645
2023-05-31,2.343308331557479,1.4566643809762645
2023-06-01,2.24096871004771,1.4977970238759348
2023-06-02,2.24096871004771,1.5215016611625354
2023-06-05,2.375577717147544,1.4509206937165309
2023-06-06,2.298203454144,1.4509206937165309
2023-06-07,2.298203454144,1.5215016611625354
2023-06-08,2.217802391389596,1.4509206937165309
2023-06-09,2.0699384064099897,1.4509206937165309
2023-06-12,2.0699384064099897,1.52594455122783
2023-06-13,2.0558343417813725,1.6231320802220377
2023-06-14,2.032794448026989,1.68887168978612
2023-06-15,2.032794448026989,1.7771600182659284
2023-06-16,2.1375277535389223,1.909071847180355
2023-06-20,2.0222620239815363,1.909071847180355
2023-06-21,2.016477767518267,1.9090718471803545
2023-06-22,2.1087036033212696,1.9090718471803545
2023-06-23,2.1087036033212696,1.909071847180355
2023-06-26,2.1087036033212696,1.9090718471803545
2023-06-27,2.1087036033212696,1.9090718471803547
2023-06-28,2.1087036033212696,1.9090718471803547
2023-06-29,2.1087036033212696,1.8433829744521373
2023-06-30,2.1087036033212696,1.7737415461063315
2023-07-03,2.1087036033212696,1.7737415461063315
2023-07-05,2.1087036033212696,1.8433829744521373
2023-07-06,2.016477767518267,1.9090718471803547
2023-07-07,1.911727823600772,1.843382974452137
2023-07-10,2.004634762182016,1.9090718471803547
2023-07-11,2.056947396153236,1.909071847180355
2023-07-12,2.056947396153236,1.843382974452137
2023-07-13,2.0910763415217497,1.806992927302855
2023-07-14,2.056947396153236,1.8069929273028553
2023-07-17,2.056947396153236,1.7682931978878687
2023-07-18,1.9640404575719916,1.7682931978878689
2023-07-19,2.056947396153236,1.7682931978878689
2023-07-20,2.056947396153236,1.884920658200093
2023-07-21,1.944103232424215,1.910580098010792
2023-07-24,1.944103232424215,1.910580098010792
2023-07-25,1.806322956354932,1.8585760075144893
2023-07-26,1.806322956354932,1.8585760075144893
2023-07-27,1.806322956354932,1.995134753212112
2023-07-28,1.9441032324242147,2.034297323263903
2023-07-31,1.944103232424215,2.034297323263903
2023-08-01,1.944103232424215,2.034297323263903
2023-08-02,1.92568419590602,2.0418946260070765
2023-08-03,1.92568419590602,1.9822932327675995
2023-08-04,2.016242419602777,2.0418946260070765
2023-08-07,1.995576842368423,1.9822932327675995
2023-08-08,1.92343765518986,1.9822932327675995
2023-08-09,1.9955768423684226,1.9822932327675995
2023-08-10,1.9955768423684228,2.0418946260070765
2023-08-11,1.9955768423684228,1.9822932327675995
2023-08-14,1.92343765518986,1.9822932327675995
2023-08-15,1.92343765518986,1.911902978380215
2023-08-16,1.8709286502858056,1.8221042472369957
2023-08-17,1.8709286502858056,1.7748491551250631
2023-08-18,1.9408212967482084,1.7748491551250631
2023-08-21,1.9408212967482084,1.7831658157529189
2023-08-22,1.9408212967482084,1.7718498610572269
2023-08-23,1.9408212967482086,1.7594424411932832
2023-08-24,1.9408212967482084,1.7594424411932832
2023-08-25,1.9408212967482084,1.7594424411932832
2023-08-28,1.9408212967482084,1.7594424411932832
2023-08-29,1.9955768423684228,1.7718498610572269
2023-08-30,1.9408212967482084,1.7594424411932832
2023-08-31,1.9408212967482081,1.7594424411932832
2023-09-01,1.909068426623837,1.6702882671941444
2023-09-05,1.8509017260116192,1.759442441193283
2023-09-06,1.9090684266238367,1.6702882671941446
2023-09-07,1.905976997610772,1.5130400167274165
2023-09-08,1.8509017260116192,1.5130400167274165
2023-09-11,1.8509017260116192,1.5130400167274165
2023-09-12,1.8509017260116192,1.5928656136646824
2023-09-13,1.905976997610772,1.6453403742610204
2023-09-14,1.868566431778237,1.6453403742610204
2023-09-15,1.8024934756215976,1.6453403742610206
2023-09-18,1.7233241764762166,1.5928656136646824
2023-09-19,1.7233241764762166,1.53504358398217
2023-09-20,1.8024934756215976,1.5928656136646824
2023-09-21,1.7233241764762166,1.5928656136646824
2023-09-22,1.7233241764762166,1.5928656136646824
2023-09-25,1.656054755635845,1.53504358398217
2023-09-26,1.656054755635845,1.5928656136646824
2023-09-27,1.656054755635845,1.53504358398217
2023-09-28,1.7184830388176553,1.5928656136646824
2023-09-29,1.7857524596580268,1.5928656136646824
2023-10-02,1.7857524596580268,1.636188962345827
2023-10-03,1.80535029613221,1.6361889623458268
2023-10-04,1.80535029613221,1.6810229617085757
2023-10-05,1.7857524596580268,1.6810229617085757
2023-10-06,1.80535029613221,1.6810229617085757
2023-10-09,1.861983352981107,1.7837685477396708
2023-10-10,1.8619833529811065,1.783768547739671
2023-10-11,1.80535029613221,1.774617135824477
2023-10-12,1.8619833529811067,1.774617135824477
2023-10-13,1.9966464025199528,1.7746171358244769
2023-10-16,1.9966464025199528,1.7746171358244769
2023-10-17,2.009227504185388,1.849661304311513
2023-10-18,2.009227504185388,1.849661304311513
2023-10-19,2.009227504185388,1.811921631178
2023-10-20,2.066278028755348,1.849661304311513
2023-10-23,2.196389908934034,1.8855233919352914
2023-10-24,2.066278028755348,1.857821974391232
2023-10-25,2.196389908934034,1.9081352334051522
2023-10-26,2.196389908934034,1.9371380483950944
2023-10-27,2.196389908934034,2.0325582920923635
2023-10-30,2.1058956688268737,2.0696726470643805
2023-10-31,2.113106675192265,1.9371380483950944
2023-11-01,2.113106675192265,2.0696726470643805
2023-11-02,2.113106675192265,2.0696726470643805
2023-11-03,2.095741906643392,1.9908629108116191
2023-11-06,2.066278028755348,1.9012759607713163
2023-11-07,2.066278028755348,1.901275960771316
2023-11-08,2.066278028755348,1.901275960771316
2023-11-09,1.986974632662735,1.9012759607713159
2023-11-10,1.986974632662735,1.9012759607713163
2023-11-13,1.9869746326627353,1.9012759607713166
2023-11-14,1.9522274772419137,1.8912377051818627
2023-11-15,1.7954473061662202,1.715181415118641
2023-11-16,1.939587645561393,1.6343476572496698
2023-11-17,1.850325896142731,1.63434765724967
2023-11-20,1.850325896142731,1.6343476572496696
2023-11-21,1.850325896142731,1.6343476572496698
2023-11-22,1.7282680972150553,1.497757565799724
2023-11-24,1.6065220251790056,1.3533650079203436
2023-11-27,1.588440979531183,1.307666409884314
2023-11-28,1.5600247241387248,1.2751857779566993
2023-11-29,1.5600247241387248,1.307666409884314
2023-11-30,1.5600247241387248,1.2701683389499066
2023-12-01,1.5470481656038544,1.307666409884314
2023-12-04,1.574735014472629,1.3076664098843143
2023-12-05,1.588440979531183,1.3533650079203434
2023-12-06,1.574735014472629,1.497757565799724
2023-12-07,1.588440979531183,1.5057075801347346
2023-12-08,1.588440979531183,1.6343476572496698
2023-12-11,1.574735014472629,1.5548807184366757
2023-12-12,1.574735014472629,1.5548807184366757
2023-12-13,1.545520255408485,1.63434765724967
2023-12-14,1.5830238859036756,1.6524837415919114
2023-12-15,1.5830238859036756,1.6577743496861854
2023-12-18,1.5830238859036756,1.5660395291318843
2023-12-19,1.545520255408485,1.4321088439226748
2023-12-20,1.5830238859036756,1.4826408831850588
2023-12-21,1.5830238859036756,1.482640883185059
2023-12-22,1.545520255408485,1.4826408831850586
2023-12-25,,
2023-12-26,1.545520255408485,1.4826408831850588
2023-12-27,1.5867658608750517,1.4826408831850588
2023-12-28,1.545520255408485,1.4321088439226746
2023-12-29,1.466132267517478,1.4321088439226748
2024-01-02,1.545520255408485,1.432108843922675
2024-01-03,1.5629681954384147,1.3323205241541412
2024-01-04,1.5629681954384147,1.3323205241541412
2024-01-05,1.5154048115086112,1.3323205241541412
2024-01-08,1.5154048115086112,1.3814936624560827
2024-01-09,1.5154048115086112,1.279507239054473
2024-01-10,1.5201180270171628,1.279507239054473
2024-01-11,1.6239837683544691,1.3828525634165252
2024-01-12,1.6239837683544691,1.279507239054473
2024-01-16,1.6239837683544691,1.279507239054473
2024-01-17,1.7496703088309449,1.279507239054473
2024-01-18,1.5728497103014505,1.279507239054473
2024-01-19,1.5728497103014505,1.289258621126805
2024-01-22,1.5728497103014505,1.2892586211268051
2024-01-23,1.5728497103014505,1.3288177915166701
2024-01-24,1.5728497103014505,1.3288177915166697
2024-01-25,1.626357120478208,1.32881779151667
2024-01-26,1.594993029874677,1.32881779151667
